视频序号,视频_url,视频长度（min）,视频类型,问题序号,"问题
","问题类型
",答案,若涉及通用知识推理，则写出推理步骤（知识点）,依据（解题思路）,,,,,,,,,,
1,https://www.youtube.com/watch?v=CX4n8wj72Is,24:57,纪录片 - 人文,1,What is the coming-of-age ceremony of the Bissago people?,通用知识推理,The fanado ceremony.,比热戈斯人成年的仪式,根据Beto说部落中孩子需要完成fanado仪式的时候就意味着成为成年人了可以得出,,,,,,,,,,
,,,,2,Which country does the Bijagos Archipelago belong to?,通用知识推理,Guinea-Bissau,比热戈斯群岛属于哪个国家,根据Mark所说比热戈斯人居住在几内亚比绍海岸外的岛屿中以及画面上的信息可以得出,,,,,,,,,,
,,,,3,What did Mark and Beto do after they had seen the hippopotamuses? ,多跳推理,They went to Orango Island to see the green sea turtles.,,模型需要先定位到Mark和Beto去河边看河马的时候然后分析他们接下来去干了什么,,,,,,,,,,
,,,,4,Is Manuel an introverted person or a talkative person?,人物属性建模,He is an  introverted person.,,根据Manuel出海捕鱼时很少说话只有当Mark询问他时才会回答可以看出他是一个内向的人,,,,,,,,,,
,,,,5,Is Mark a person who likes to try new things?,人物属性建模,Yes,,根据Mark主动尝试用网捕鱼以及驱赶织布鸟可以看出他是一个热衷于尝试新事物的人,,,,,,,,,,
2,https://www.youtube.com/watch?v=BDX9VzQ5l-I,25:55,纪录片-历史纪实,1,Which country was the first to discover the island of Saint Helena? ,通用知识推理,Portugal,圣赫勒拿岛最早由哪国发现,根据视频中说的葡萄牙最先把圣赫勒拿岛作为储存淡水和收集水果蔬菜的地方几十年后才被英法等国发现可知,,,,,,,,,,
,,,,2,Which country is Jacob's Ladder located in?,通用知识推理,England,雅各布天梯的位置,根据Snow在圣赫勒拿岛上介绍并尝试了雅各布天梯，并且圣赫勒拿岛属于英国可以得出,,,,,,,,,,
,,,,3,Where did Snow go after he tried the Jacob's Ladder?,多跳推理,Ruperts Valley.,,模型需要先定位到Snow尝试爬雅各布天梯的时刻然后分析判断他接下来去了哪里,,,,,,,,,,
,,,,4,Is Michelle a conscientious and responsible person or a careless one? ,人物属性建模,He is a conscientious and responsible person.,,根据Michelle一丝不苟地根据资料历史重建了拿破仑的住所可以看出,,,,,,,,,,
,,,,5,Does Snow have great physical strength?,人物属性建模,No,,根据Snow爬完雅各布天体后气喘吁吁的样子以及拒绝再次攀爬可以看出,,,,,,,,,,
3,https://www.youtube.com/watch?v=PRqJGP1iFR8,28:01,测评 - 展会,1,What is the longest continuously held sporting event in the United States? ,通用知识推理,Kentucky Derby,美国连续举办时间最长的体育赛事是肯塔基德比,威斯敏斯特养犬俱乐部犬展始于 1877 年，是连续举办时间第二长的体育赛事（仅次于 1875 年开始的肯塔基德比）据此推断美国连续举办时间最长的体育赛事是肯塔基德比,,,,,,,,,,
,,,,2,How is Crystal Heart's interviewing level?,人物属性建模,Crystal Heart's interviewing level is excellent.,,Crystal Heart 的采访问题设置合理、交流互动良好、对现场的把控、信息整理与传达，展现出了一定的专业水平和能力,,,,,,,,,,
,,,,3,Is the Westminster Kennel Club Dog Show only aimed at hounds?,通用知识推理,No.,威斯敏斯特养犬俱乐部犬展犬种丰富多样，包括猎犬、运动犬等,根据视频中知道威斯敏斯特养犬俱乐部犬展有不同的犬种组别，包括猎犬，运动犬等,,,,,,,,,,
,,,,4,What is Ted Vito's knowledge about dogs like?,人物属性建模,Ted Vito has relatively rich knowledge related to dogs.,,Ted Vito熟知捕鼠梗的特性，对犬种分类及特征的认识：他了解捕鼠梗有 21 种不同的被毛类型，所以推断其犬只相关知识较为丰富,,,,,,,,,,
,,,,5,"After interviewing the Shetland Sheepdog, what kind of dog did Crystal Heart interview?",多跳推理,The Dutch Duck Tolling Retriever.,,模型需要定位到采访格里芬旺代犬的画面，在分析之后得出 Crystal Heart之后采访了荷兰猎鸭犬。,,,,,,,,,,
4,https://www.youtube.com/watch?v=mN-MPuhFivc,22:40,探索 - 体验新事物,1,What kind of carrying posture do the porters on Mount Kilimanjaro use to carry goods? ,通用知识推理,In ways such as carrying on the shoulders or on the top of the head ,乞力马扎罗山的搬运工在搬运重物时要注意保持平衡，采用肩扛或头顶等方式,根据乞力马扎罗山的搬运工在搬运重物画面总结其搬运姿势,,,,,,,,,,
,,,,2,How strong is Eva physically?,人物属性建模,Eva is of average physical strength.,,从视频所呈现的 Eva 在乞力马扎罗山的经历来看，Eva 虽然不常去健身房，但她勇于接受在高海拔地区担任搬运工的挑战，这表明她有一定的身体素质。在体验过程中，她能够承担起搬运一定重量物品的任务，所以推断Eva 的身体强壮程度一般。,,,,,,,,,,
,,,,3,How intense is the workload that the porters on Mount Kilimanjaro are responsible for carrying? ,通用知识推理,The working intensity of the porters on Mount Kilimanjaro is extremely high.,乞力马扎罗山的搬运工工作强度非常大，体现在以下方面：负重搬运，搬运距离，高海拔作业等方面,从视频内容看乞力马扎罗山的搬运工要负重搬运，登山者和工作团队登山期间的所有物品。同时乞力马扎罗山的登山路线行程较长，搬运工需要沿着这些路线将物资运送到各个营地。并且高海拔作业：乞力马扎罗山海拔较高，空气稀薄，氧气含量低。所以总结得出乞力马扎罗山的搬运工工作强度非常大,,,,,,,,,,
,,,,4,How about Rose's working ability?,人物属性建模,Rose has an excellent working ability.,,Rose 能够熟练地搬运重物，在指导如何正确搬运物品，在登山过程中，Rose 和其他搬运工的速度明显比 Eva 快很多，并且迅速地完成了营地的搭建工作显示出她在工作中动作迅速、高效。所以综合推断Rose 作为乞力马扎罗山的女性搬运工，工作能力十分出色,,,,,,,,,,
,,,,5,How many days did Eva experience working as a porter? ,多线索推理,Three.,,根据视频内容，Eva 体验搬运工的工作一共持续了三天。,,,,,,,,,,
5,https://www.youtube.com/watch?v=0-KG8wfAlcY,21:54,测评 - 食品,1,How is Jack's English？,人物属性建模,Jack can only speak simple English sentences.,,在视频中提到Jack更习惯说粤语，但在交流美食的过程中会说一些多汁等表达事物美味的简单句子，中途还是需要借助Edward翻译,,,,,,,,,,
,,,,2,"Why are walnut wood, some fruit tree wood and oak wood used in the process of smoking meat?",通用知识推理,Because they can release fragrance.,山核桃木、一些果树木及橡木燃烧熏制过程中会释放出独特的香气,视频中提到熏肉需使用山核桃木、一些果树木及橡木，这些木材在燃烧熏制过程中会释放出独特的香气，赋予肉类果香和淡淡的甜味提升肉类的鲜美度,,,,,,,,,,
,,,,3,How many kinds of food did Jack eat altogether?,多线索推理,Eight.,,Jack通过Darion介绍的全过程中共吃了牛腩、猪排骨、鸡肉、香肠、通心粉奶酪、烟熏烤豆、土豆沙拉、凉拌卷心菜8种美食,,,,,,,,,,
,,,,4,What are the differences between the cooking methods of Texas barbecue and Chinese barbecue？,通用知识推理,Texas Grill is slow-roasted at low temperatures.,德州烧烤采用低温慢烤的方式，使肉类在较长时间内均匀受热，避免局部过热导致肉质变老,视频中Darion将牛肉放进烟熏炉中，烟熏炉能精准把控温度，而德州烧烤注重肉质鲜嫩，需采取低温慢烤的方式，避免局部过热导致肉质变老,,,,,,,,,,
,,,,5,Is Darion a person who is willing to share or a selfish one?,人物属性建模,Darion is a person who is willing to share.,,Darion带领Jack参观厨房，向他展示烧烤的制作流程和特色，希望Jack能深入了解德州烧烤，从中可以表明Darion是乐于分享的人,,,,,,,,,,
6,https://www.youtube.com/watch?v=YBPLrr9Hph0,24:30,教学 - 技能,1,What was the relationship between Klaus and Frida Lotz-Keegan?,人物属性建模,Frida Lotz-Keegan is the daughter of Klaus.,,视频中女作者的名字打在了左下角处，女作者介绍Klaus说的是我的爸爸由此得知他们是父女关系,,,,,,,,,,
,,,,2,What is the main difference between syntropic agroforestry and traditional agriculture?,通用知识推理,Emphasize the diversity of plants.,熵农林业强调植物的高密度和高多样性，追求多种作物综合起来的更高产量,视频提到之前的土地荒废按传统技术只会种植杨树柏树这些防风树木，但Klaus引进熵农技术追求多种作物综合起来的更高产量，从而得知与传统农业最大的区别就是强调植物的多样性,,,,,,,,,,
,,,,3,How many planting methods did Frida introduce in total?,多线索推理,Two.,,Frida在视频里分别讲合熵农林业和永续农业两种种植方法,,,,,,,,,,
,,,,4,What is Klaus' level of professional competence in agriculture?,人物属性建模,Klaus has a very high level of expertise in agriculture.,,视频中Klaus透露通过参与家族企业积累了丰富的实践经验这表明他具备扎实的专业知识和熟练的实践技能由此得知他的农业专业水平还是很强的,,,,,,,,,,
,,,,5,How does syntropic agroforestry improve soil quality?,通用知识推理,Frequent pruning.,频繁修剪、产生大量有机物质的支持物种，它们能为土壤提供覆盖物，防止土壤干燥，滋养土壤微生物,视频中表示掉落的树叶能给地面提供养分，促使它们释放生长激素，修剪不仅能让植物茁壮成长还能给土地提供养分，由此得知频繁修剪能提高土壤肥力,,,,,,,,,,
7,https://www.youtube.com/watch?v=9Tc33xCppQo,20:00,vlog - 工作,1,How is Brianna's cake making level?,人物属性建模,She is skilled at making cakes.,,Brianna在制作糕点时表现得很熟练、得心应手。,,,,,,,,,,
,,,,2,"When making corn cob scones, how to make the scones fluffy? ",通用知识推理,Keep scones moist with cold butter for fluffiness,制作司康时，超冷的黄油和奶油是关键，黄油能使司康保持湿润，在烘焙过程中产生蒸汽让司康变得蓬松,根据brianna在制作玉米棒司康的操作和讲解，总结出让司康蓬松的技巧是利用冷黄油保湿,,,,,,,,,,
,,,,3,"How does ""The Good Batch"" bakery work?",通用知识推理,Combining offline and online sales.,"""The Good Batch""面包店的经营方式。","""The Good Batch""是一家社区面包店，同时向纽约各地批发售卖。",,,,,,,,,,
,,,,4,How is Anna's management ability?,人物属性建模,She is a master of resource integration.,,安娜将废弃的汉堡肉饼机创新性地改造成烘焙设备，合理利用资源的能力很强。,,,,,,,,,,
,,,,5,"What did Brianna do after she finished ""LEMON SQUARE""?",多跳推理,Ice cream sandwich.,,"定位到Brianna做完""LEMON SQUARE""的片段可知。",,,,,,,,,,
8,https://www.youtube.com/watch?v=4EfonPSf3b4,22:18,vlog - 特殊事件,1,What is Alice's occupation?,人物属性建模,She is a cook.,,根据Alice为Blondie做了法国经典菜，结合Blondie说这是和大厨一起旅游的好处可知。,,,,,,,,,,
,,,,2,"Can ""CHARBONNEL"" restaurant only be ordered on site, or can reservations be made in advance?",通用知识推理,The restaurant supports advance booking.,"""CHARBONNEL"" 餐厅支持提前预定。",Alice为Blondie预定了这家餐馆的午饭。,,,,,,,,,,
,,,,3,Under what environmental temperature conditions does the black truffle have a better flavor? ,通用知识推理,Low temperature environment.,黑松露适合在低温环境生长，在此温度环境下黑松露最可口。,"根据""CHARBONNEL"" 餐厅服务员说黑松露在11月至3月期间最芳香可口，也就是天气变冷的时候可推断。",,,,,,,,,,
,,,,4,How many restaurants did Alice go to for Blondie?,多线索推理,The two restaurants.,,定位到Alice和Blondie吃饭的片段可知。,,,,,,,,,,
,,,,5,What fruits does Blondie like?,人物属性建模,Lemon.,,根据Alice在制作橙酒可丽饼是因为考虑到Blondie喜欢柠檬，便将制作这道菜的原料橙子换成了柠檬可知。,,,,,,,,,,
9,https://www.youtube.com/watch?v=ZJ_o20FCecw,21:24,测评 - 食品,1,What is the bloggers Joseph and Gabby's favorite breakfast in Mexico? ,人物属性建模,It's the burrito.,,视频中Joseph表示他们两个人都喜欢在墨西哥点早餐卷饼，里面有土豆、鸡蛋、奶酪，然后人们可以选择肉类。Gabby和Joseoh每次都选烤牛肉。由此可知。,,,,,,,,,,
,,,,2,What's the relationship between Anna and Gabby?,人物属性建模, They are sisters.,,视频中表示感谢Gabby的姐姐Anna几年前带我们发现了这个没事地方。由此可推出。,,,,,,,,,,
,,,,3,What ingredients are Chilaquiles generally made of? ,通用知识推理,"Tortilla chips, eggs, beans and cheese.",Chilaquiles基本上就像是一道用玉米片和鸡蛋做的早餐菜肴，但里面还配有豆子、奶酪。,视频中Gabby向我们展示墨西哥菜肴Chilaquiles，并讲解它基本上就像是一道用玉米片和鸡蛋做的早餐菜肴，但里面还配有豆子、奶酪。由此可推断。,,,,,,,,,,
,,,,4,How many restaurants did the bloggers Joseph and Gabby review in total?,多线索推理, Four restaurants.,,模型需要识别博主一共去过哪些餐厅，Oscar's Very Mexican Food、El Ron、La Costa Cafe、Masamasa这四家餐厅。,,,,,,,,,,
,,,,5,What is the thematic concept of Masamasa Restaurant? ,通用知识推理,It is to spread kindness through food.,Masamasa Restaurant一家由女性经营的墨西哥卷饼吧，其使命是通过食物传递善意。在这里每买一个卷饼，都会为不同的组织或非营利机构提供支持。,视频中Gabby表述 Masamasa Restaurant一家由女性经营的墨西哥卷饼吧，其使命是通过食物传递善意。在这里每买一个卷饼，都会为不同的组织或非营利机构提供支持。由此可推断。,,,,,,,,,,
10,https://www.youtube.com/watch?v=4owYuFYB49g,24:25,测评 - 食品,1,What are the mushroom ingredients of the Pizza fungi a tartufo at the Arancino restaurant?,"多线索推理,通用知识推理","Eringi, shimeji and maitake.",博主讲述在阿拉西诺（Arancino）餐厅Pizza fungi a tartufo的蘑菇配料有三种蘑菇杏鲍菇、蟹味菇、舞茸和四种奶酪作为配料。,博主讲述在阿拉西诺（Arancino）餐厅Pizza fungi a tartufo的蘑菇配料有三种蘑菇杏鲍菇、蟹味菇、舞茸和四种奶酪作为配料，由此可推断。,,,,,,,,,,
,,,,2,Are all the ingredients of the Kahala hotel sourced locally?,通用知识推理,No.,卡哈拉酒店（Kahala hotel），以意大利美食闻名，食材既有从意大利进口的，也有当地新鲜食材。下,博主介绍他们最喜欢的约会地点，位于卡哈拉酒店（Kahala hotel），以意大利博览会闻名，他们的食材既有从意大利进口的，也有当地新鲜食材。由此可知。,,,,,,,,,,
,,,,3,What kind of pasta does the YouTube blogger Amanda like? ,人物属性建模,It's Italian pasta.,,在品尝罗马经典奶酪胡椒面、海胆意面时， Amanda表示她时意大利面的爱好者，由此可推出。,,,,,,,,,,
,,,,4,What kind of seasoning does  the YouTube blogger Felix Eats like when having steak? ,人物属性建模,It's flaky salt.,,在品尝佛罗伦萨式带骨肉眼牛排时， Felix Eats表示他个人还是会坚持使用片状盐，因为他很喜欢它。由此可推断,,,,,,,,,,
,,,,5,How many servings of Italian pasta did the blogger have as the main course in the video?,多线索推理,Three servings.,,模型基于视频计数有罗马经典奶酪胡椒面（Cacio e Pepe）、海胆意面（Spaghetti I Ricchi Di Mare）和肉酱宽面（Papa Deli Bolognese）共3道意大利面主菜。,,,,,,,,,,
11,https://www.youtube.com/watch?v=MaStjHoN8RE,20:16,vlog - 特殊事件,1,During Coachella，when does it start each week?,通用知识推理,Friday,科切拉音乐节期间从每周的周五开始,Tara说“今天是周四，对于不知道的人来说是科切拉音乐节的前一天，由于工作义务，在周五正式开始前我需要提前一天来因为要参加活动“可推断出,,,,,,,,,,
,,,,2,What is the relationship between Tara and Peter?,人物属性建模,Tara is a fan of Peter,,定位到有人提到Peter的片段，Tara突然大喊表现得很兴奋，还提出自己想和Peter合照，可推断出,,,,,,,,,,
,,,,3,What disease does Sophia have?,"人物属性建模,多模态/多语言推理",Metaphobia,,定位到第二天早上Tara讲诉前一天状况的片段，Tara对着Sophia离去的方向给她道歉，然后对着镜头说她有恐幻症，可推断出,,,,,,,,,,
,,,,4,Is Revolve Festival held outdoors or indoors?,"多模态/多语言推理,通用知识推理",Outdoors,Revolve Festiva是露天举行的,定位到Tara参加Revolve Festiva的片段，利用视觉可得到答案,,,,,,,,,,
,,,,5,Who did Tara meet before she ate the tar?,多跳推理,Jared,,定位到Tara吃焦油的片段，结合之前的片段可知Tara遇到了Jared,,,,,,,,,,
12,https://www.youtube.com/watch?v=rX184PQ1UMI,29:30,教学 - 烹饪,1,What flavor does Jack like?,"多线索推理,人物属性建模,多模态/多语言推理",Spicy,,视听结合确认Jack身份，博主说“放一些辣椒片，这取决于你喜欢它们有多辣”，Jack说“我喜欢辣的”，之后博主说“不要放太多，不然女孩们会抱怨，你怎么会喜欢吃辣的呢”，Jack说“我不知道，我真的很喜欢吃辣的食物”，可推断出,,,,,,,,,,
,,,,2,"When teaching children how to cook, what does the blogger pay attention to?","多线索推理,人物属性建模",Encourage children to get hands-on,,结合博主教孩子做饭的片段，博主让Jack腌鸡翅、切蒜、颠锅、撒葱花，让Tilly撒胡椒、倒油、放鸡腿、切蘑菇、摘迷迭香叶子，博主尽可能多地使孩子自己动手并时不时夸赞他们做的好，可推断出,,,,,,,,,,
,,,,3,How to make caramel pudding demould better?,通用知识推理,Immerse the mold in hot water before demoulding,焦糖布丁脱模前将模具浸在热水中更好脱模,定位到博主做焦糖布丁的片段，他提到“当你准备上菜时将小模子浸入热水中以松开焦糖布丁”，可推断出,,,,,,,,,,
,,,,4,What did the blogger do after making the bread crumbs?,多跳推理,Cut the lettuce,,定位到博主做面包丁的片段，跟踪行为得到答案,,,,,,,,,,
,,,,5,What does sumac smell like?,通用知识推理,Citrus flavor,漆树调料是柑橘味的,定位到博主尝漆树的片段，他说“那是漆树，好的，它非常柑橘味”，可推断出,,,,,,,,,,
13,https://www.youtube.com/watch?v=AdAQABXgar4,29:39,访谈 - 静态（对话密集型，少量视觉信息）,1,Is Dua an introverted person?,"多线索推理,人物属性建模",No.,,通过观看视频，视频中Dua热情分享个人生活和兴趣、善于和他人互动交流等行为，由此可知Dua不是一个内向的人。,,,,,,,,,,
,,,,2,What kind of program is the Dish Podcast?,通用知识推理,Gossip chat show.,"“Dish Podcast"" 并非传统意义上的访谈节目，而是一档以娱乐八卦和流行文化为主题的轻松谈话类播客。",通过观看视频，视频中深入探讨了 Dua Lipa 的个人生活细节、详细分享了自己的音乐事业经历等内容，由此可知这是一档八卦聊天节目。,,,,,,,,,,
,,,,3,What is Nick's hosting style like?,人物属性建模,Humorous and entertaining style.,,通过观看视频，视频中Nick开场与互动的幽默、对Dua生活的调侃等细节，可知Nick的主持风格是幽默风趣型。,,,,,,,,,,
,,,,4,What was the next food Dua tried after tasting the tahini dip?,多跳推理,Beef tagliata.,,通过观看视频，视频中Nick和dua在品尝完tahini dip后，下一道菜品是Beef tagliata。由此可知问题答案。,,,,,,,,,,
,,,,5,What is the overall atmosphere of the Dish Podcast?,通用知识推理,Relaxed and casual.,"""Dish Podcast""节目氛围是轻松随意，像朋友在厨房边吃边聊，完全没有正式采访的紧张感。",通过观看视频，如Dua一边吃着beef tagliata一边分享她在阿尔巴尼亚的家庭背景和食物记忆，节目的聊天的节奏很自然、温柔，与不像传统的“艺人专访”。由此可知，该节目的氛围是轻松随意的。,,,,,,,,,,
14,https://www.youtube.com/watch?v=9wxPUp2IIH8,21:05,测评 - 工具/机械,1,Is Barry an introverted person?,"多线索推理,人物属性建模",No.,,通过观看视频，从 Barry 在对话中的表现，包括积极引导讨论、活跃气氛、主动表达观点和组织活动等方面，由此可知，Barry不是一个内向的人。,,,,,,,,,,
,,,,2,Is the GastroMax Grater operated manually or does it run on electricity?,通用知识推理,Manual operation.,“GastroMax Grater” 是瑞典厨房用品品牌 GastroMax推出的刨丝器，为手动操作设备。,通过观看视频，视频中Ben和Mick在介绍了GastroMax Grater并展示了其操作方法，由此可知是一款不需要插电仅能操作的小工具。,,,,,,,,,,
,,,,3,What is the relationship between Ben and Mick?,人物属性建模,Harmonious.,,通过观看视频，从 Ben 和 Mike 之间轻松的交流氛围、积极的观点表达、合作的测试过程、互相调侃打趣以及对彼此意见的认可等方面，由此可知，二人的关系是融洽的。,,,,,,,,,,
,,,,4,What did Mick and Ben test next after trying out the GastroMax Grater?,多跳推理,Egg cracking.,,通过观看视频中，定位到ben和Mick在GastroMax Grater测试结束的片段，由此可知接下来他们测试的是Egg cracking。,,,,,,,,,,
,,,,5,What other functions does the Eto Wine Decanter have besides decanting?,通用知识推理,Aesthetic display function.,“Eto Wine Decanter” 的设计非常现代且独特，通常具备艺术感和视觉冲击力。其不只是一个工具，更是一个可以作为餐桌上的装饰品，提升整个用餐体验的艺术品。,通过观看视频，Barry说道该产品这是一款优雅醒酒器，以及Ben说道自己非常喜欢这款产品，既实用，又漂亮等细节，可知该产品除了醒酒器功能，还具有美观展示功能。,,,,,,,,,,
15,https://www.youtube.com/watch?v=wRdjOh07At8,23:25,vlog - 特殊事件,1,What's the relationship between Matthew and Headley? ,人物属性建模,They are father and son.,,视频中作者提到 Headley是他的儿子，再通过观察视频的交流，可以了解到作者的名字是Matthew。,,,,,,,,,,
,,,,2,What is Matthew's job? ,人物属性建模,He is a farmer.,,视频中Matthew提到自己辞掉了以前的工作，专心从事自己现在的事业，视频中可以观察到Matthew养牛、种植作物，并且自己制造一些农产品。,,,,,,,,,,
,,,,3,What is the main plant added to make the brewed beer fragrant?,通用知识推理,Hops.,在酿造啤酒时调节啤酒的香气与味道的主要原料,视频中作者向Ashley Huntington请教如何酿造啤酒，Ashley Huntington在过程中寻找调香料Hops，并且到这是进行调节基础原料。,,,,,,,,,,
,,,,4,"What did the author do,after Maggie got mastitis?",多跳推理,Contacted the veterinarian and took good care of her.,,作者在请教酿造啤酒时了解到Maggie患上乳腺癌的消息，他马上返回农场，一直关注Maggie的状况，仔细照料它，并且经常向兽医询问状况。,,,,,,,,,,
,,,,5,Where is the Georgian tower mill that is still in operation in the Southern Hemisphere?,通用知识推理, It's the Callington Mill in Oatlands.,关于现存的乔治亚式塔式磨坊,作者前往Callington Mil与Benjamin Paulson交流时，Benjamin Paulson提到他们这里有南半球唯一的乔治亚式塔式磨坊。,,,,,,,,,,
16,https://www.youtube.com/watch?v=vPpCe2jhTEc,21:46,vlog - 特殊事件,1,What's the relationship between Matt and Goldie?,人物属性建模,They are a couple.,,通过视频中Matt和Goldie的交流方式，以及他们的举止动作，可以观察得出。,,,,,,,,,,
,,,,2,Who had the idea of building an Earthship first between Matt and Goldie?,多线索推理,Matt.,,视频中Matt提到自己在2014年的时候就有了一个建造地球飞船的想法，并且Goldie提到Matt将这个想法告诉他的时候，他认为这是一个很酷很新奇的想法。,,,,,,,,,,
,,,,3,What is the winter temperature like in Denver?,通用知识推理,It's cold.,关于丹佛的气温,Matt提到自己在丹佛收集建筑材料，可以判断出她居住在这里，并且她提到这里的冬天很冷。,,,,,,,,,,
,,,,4,What is the most main source of water resources for Earthship homes?,通用知识推理,It is natural precipitation.,Earthship home十分重视自给自足和可持续性，建设有雨水收集系统,视频中Matt提到雨水和雪水对于他们 来说很重要，屋顶的建造需要按照一定的规格才能更好的收集降水，并且在温室中种植的植物也对收集雨水有很重要的作用。,,,,,,,,,,
,,,,5,What is Matt's attitude towards the spaceship of the Earth?,人物属性建模,She is passionate about it.,,Matt提到自己学习了很多年的地球飞船房屋的建造，并且在建造过程中亲身花费了五年的时间进行建造。,,,,,,,,,,
17,https://www.youtube.com/watch?v=ISpSkPL1eTM,23:37,综艺 - 表演/选秀,1,What is Tommy's speaking style like?,人物属性建模,Humorous.,,通过观察Tommy经常会开玩笑，并且喜欢使用搞怪的腔调说话。,,,,,,,,,,
,,,,2,How many sports-related categories of questions are there in total?,多线索推理,Five.,,视频中Shayne介绍了有Going For Gold、The Silver Screen、Making Headlines、Team Pride、The Jock Dictionary这几个类别。,,,,,,,,,,
,,,,3,What is set on the logo of the United States Women's National Soccer Team to commemorate their three championship wins?,通用知识推理, Three stars.,美国女足在1991年、1999年、2015年夺得女足世界杯冠军后进行了纪念在对队徽上进行了装饰,视频中Shayne对女足队徽上的三颗星进行询问，可以知道设置了三颗星是为了纪念美国女足的世界杯夺冠。,,,,,,,,,,
,,,,4,What does a triple-double mean in basketball?,通用知识推理,Double digits in 3 stats in a game.,篮球中’三双‘的含义,视频中Shayne提到过这个问题，根据Shayne的介绍可以推断出结论,,,,,,,,,,
,,,,5,What is the relationship between Trevor and Tommy?,"多线索推理,人物属性建模",They are very good friends.,,观察视频中Trevor和Tommy的交流过程，他们能够互相开玩笑打趣，并且交流友好。,,,,,,,,,,
18,https://www.youtube.com/watch?v=irp_HPzfxbQ,29:54,vlog - 园艺,1,What kind of crops are suitable for planting under the temperature conditions in Oslo?,通用知识推理,Crops that prefer a cool climate.,Oslo的纬度较高，气温偏低,视频中被拍摄者提到自己必须要建造一个温室才能进行种植，因为这里的气候太恶劣了。,,,,,,,,,,
,,,,2,What kind of plants does Margit-Kristine Solibakke Klev like to plant?,人物属性建模,Fruits.,,视频中可以了解到Margit-Kristine Solibakke Klev建造温室的一个原因是想要全年能够种植各种水果，并且在她的温室中种植了桃、杏、无花果、樱桃等各种水果，并且种植了很多年。,,,,,,,,,,
,,,,3,What is Margit-Kristine Solibakke Klev's job?,人物属性建模,An architect.,,Margit-Kristine Solibakke Klev提到自己在10年前通过参考别人的温室，结合风、光照等环境，设计搭建了自己的温室。,,,,,,,,,,
,,,,4,What is the approximate temperature difference between the inside and outside of the photographed person's greenhouse on a sunny day in February?,多线索推理, It's about 25 degrees.,,温室的主人介绍自己的温室在白天的时候，温室内的温度能达到20℃，而那是室外的温度大约在-5℃.,,,,,,,,,,
,,,,5,What is the main way for Norway to obtain sage? ,通用知识推理,Import trade.,挪威地区不适宜种植鼠尾草,在温室的主人与拍摄者交流时，拍摄者对于能够在温室中找到鼠尾草感到新奇，温室主人提到自己在温室里种植的大多都是在挪威本地无法生长的，通过自己种植就不需要从欧洲或者世界上其他国家进口。,,,,,,,,,,
19,https://www.youtube.com/watch?v=aGrc_kgAsJk,31:28,vlog - 运动,1,Where is the Barranco Wall located?,通用知识推理,Mount Kilimanjaro.,巴兰科墙的地理位置,根据Adam和Tanya在攀爬乞力马扎罗山的过程中遇到了巴兰科墙可以推出,,,,,,,,,,
,,,,2,What is the last camp before reaching the summit on the Lemosho route when climbing Mount Kilimanjaro? ,通用知识推理,Barafu Camp.,Lemosho 路线登顶前的最后一座营地,根据Adam和Tanya在Barafu Camp休整最后一夜后就开始登顶了可以推出,,,,,,,,,,
,,,,3,How much is the total walking time of Adam and Tanya during the process of climbing the mountain? ,多线索推理,Thirty-four point five hours.,,模型需要分析并统计Adam和Tanya在分开之前他们每天的步行时间并求和,,,,,,,,,,
,,,,4,What is the relationship between Adam and Tanya?,人物属性建模,They are lovers.,,根据他们两个住在一个帐篷以及爬山过程中亲密的动作可以看出,,,,,,,,,,
,,,,5,What is Tanya's speaking style like?,人物属性建模,It is cheerful and lively.,,根据Tanya一路上和工作人员以及Adam交谈时活泼开朗的语气可以看出,,,,,,,,,,
20,https://www.youtube.com/watch?v=b5XIljwl5hI,35:14,街头互动 - 社会观察,1,What was the housing price of houses in San Francisco like in the 1970s?.,通用知识推理, The housing prices were relatively low,20世纪70年代San Francisco房子的售价状况,作者在于本地人进行交流时，谈到70年代San Francisco的社会秩序很混乱，人们都不愿意住在这里，房子很轻松就能买下。,,,,,,,,,,
,,,,2,Is Johnny's mother strong or fragile？,"多线索推理,人物属性建模",She is strong.,,观察视频中Johnny提到自己的童年时，谈到自己的父母在自己小时候离婚，由母亲一个人带自己，母亲努力维持家里的生活，并且意志坚定。,,,,,,,,,,
,,,,3,"How long is the maximum continuous parking time for vehicles on public streets in Marin County, California?",通用知识推理,72 hours.,Marin County道路上停车的时间规定,作者与Dave交流中，Dave住在这个地方，住在自己的车上，之后每当车停在道路的时间到达72个小时，就会受到驱赶。,,,,,,,,,,
,,,,4,What kind of animal does Dave like?,"人物属性建模,多模态/多语言推理",Dog.,,视频中并且通过对话，可以了解到Dave的生活并不富裕，但是通过画面可以看到Dave在与作者交流时一直温柔地抚摸着他的宠物狗。,,,,,,,,,,
,,,,5,How many people's living conditions did the author inquire about?,多线索推理,Eight.,,通过视频观察有Johnny、Jeff、Markaya resident、Dave、Angelo，一位没有透露名字的人，以及两个人是Lovell&Paris Van dwellers。,,,,,,,,,,
21,https://www.youtube.com/watch?v=zJnqFUfmHEo,20:30,vlog - 园艺,1,What is Elisabeth Angers' job?,人物属性建模, She is a farmer.,,视频中Elisabeth Angers带领作者参观农场，并且提到自己已经务农8年了，经过这些年的经营，农场规模越来越大。,,,,,,,,,,
,,,,2,What's the main scale of farms in Quebec City?,通用知识推理,Small and medium-sized farms.,魁北克市的农场规模状况,Andrew Mefferd提到自己想要了解中小型农场的状况，魁北克市的农业发展较强，并且中小型农场兴盛。,,,,,,,,,,
,,,,3,What did the author do after the outdoor interview?,多跳推理, He visited the greenhouse.,,首先可以观察到作者与Elisabeth Angers在户外进行了关于农业的讨论，话题结束之后，作者提到自己对这里的温室很感兴趣，之后Elisabeth Angers带作者参观了温室。,,,,,,,,,,
,,,,4,In approximately which month is ginger planted in Quebec City?,通用知识推理, June.,Quebec City纬度较高，回暖较慢,视频中Elisabeth Angers将姜先保护在温室之中，提到当到六月的时候才能将姜种植到土壤中。,,,,,,,,,,
,,,,5,What is the job that Elisabeth Angers likes?,"多线索推理,人物属性建模", Planting.,,Elisabeth Angers提到自己并不想将农场继续扩大，因为她很喜欢现在的状况，只需要将大部分注意力集中在种植上，这是她的工作也是爱好，再通过她在介绍自己的种植生活时表现得十分开心。,,,,,,,,,,
22,https://www.youtube.com/watch?v=QKbXrmEl5J0,20:51,教学 - 工业制造,1,What is Andreas Heimer's explanation style?,"多线索推理,人物属性建模",Detailed explanation style.,,"通过观看视频，Andreas对公司发展、生产运营、培训模式、部门和人员等多方面的详细描述,由此可知他的讲解风格是比较详细的。",,,,,,,,,,
,,,,2,"What field of products does HAIMER, a German company, produce in? ",通用知识推理,The field of high-end mechanical processing.,HAIMER（翰默）是一家专注于高端机械加工领域的德国企业，核心产品围绕精密刀具夹持系统和加工过程优化技术。,通过观看视频中，如Andreas介绍了企业所在国家及行业领域，以及企业在刀具方面有相关的管理设置、培训以及测试工作，暗示了刀具相关产品在企业业务中的重要性，由此可知，其专注于高端机械加工领域的德国企业。,,,,,,,,,,
,,,,3,Is Manfred Meyer a newcomer or a veteran at Haimer company？,人物属性建模,Veteran.,,通过观看视频，首先定位到介绍 Manfred Meyer的片段，可知他在公司工作了40年。由此可知 Manfred Meyer是一个资历深的老员工。,,,,,,,,,,
,,,,4,Who did Titan speak with after his conversation with Stefan?,多跳推理,Joseph.,,通过观看视频，Titan在和Stefan（公司生产部门负责人）交流完后，接着和 Joseph进行了交流，其中交流了Joseph在公司的工作年限、从学徒开始的经历以及其作为质量实验室负责人的身份。由此可知， Titan 接下来与 Joseph 进行了交流。,,,,,,,,,,
,,,,5,What apprenticeship training model is used at HAIMER company in Germany?,通用知识推理,Dual Education System,在德国HAIMER公司，采用的是双元制学徒制培训模式（Dual Education System）。这种模式结合了理论学习和实践培训，学徒在学校和公司之间轮流进行培训。,通过观看视频，对培训模式的名称提及、培训时间、内容、学校和公司交替培训的方式以及学徒项目等方面的描述，由此可以得出 HAIMER 公司采用的是双元制学徒制培训模式，,,,,,,,,,,
23,https://www.youtube.com/watch?v=anjq43EhoP8,25:56,纪录片 - 人文,1,How many years has Addiopizzo been established by 2025?,通用知识推理,Twenty-one years.,Addiopizzo协会的历史,根据Chiara介绍Addiopizzo协会成立于2004年可以推出到2025年已经成立21年了,,,,,,,,,,
,,,,2,Which country is the Badia di Sant'Agata church located in?,通用知识推理,Italy,圣阿加塔巴迪亚教堂的地理位置,Sineb在西西里岛采访时遇到圣阿加塔巴迪亚教堂并且从画面中可以看出西西里岛属于意大利，由此可以推出圣阿加塔巴迪亚教堂在意大利,,,,,,,,,,
,,,,3,How many people did Sineb interview in total?,多线索推理,Seven,,模型需要统计并分析Sineb遇到的人中哪些是被采访的,,,,,,,,,,
,,,,4,Is Leoluca a kind person or a cold-hearted person? ,人物属性建模,He is a kind person.,,根据Leoluca市长允许救援船靠岸以及致力于帮助海上的难民可以看出他是一个善良的人,,,,,,,,,,
,,,,5,How about Manfredi's gardening skills?,"多线索推理,人物属性建模",His gardening skills are extremely high.,,根据Manfredi对种植的橙子特性十分了解以及耕作方面一直采用纯有机方式可以看出他很擅长园艺,,,,,,,,,,
24,https://www.youtube.com/watch?v=6pF1MDHSeAc,24:46,vlog - 出行,1,"Where was the filming location of the TV drama ""Love's Crash Landing""?",通用知识推理,"Burns, Switzerland.",《爱的迫降》拍摄地在瑞士伯恩斯。,Via在斯特兰德酒店说她在的地方是拍摄《爱的迫降》的地方，结合她在火车上说她将前往瑞士伯恩斯可推测。,,,,,,,,,,
,,,,2,What shoes doesn't Via like to wear?,人物属性建模,Platform boots.,,Via下了火车之后就换掉了厚底靴，穿着很不舒服。,,,,,,,,,,
,,,,3,What does Via like to observe when she strolls around tourist cities?,人物属性建模,The architecture of the city.,,由Via自述可知。,,,,,,,,,,
,,,,4,What did Via do before returning to the hotel?,多跳推理,Have dinner.,,定位到Via回酒店之前的片段。,,,,,,,,,,
,,,,5,What is the heating equipment provided to guests at The Strand Hotel?,通用知识推理,Heater.,斯特兰德酒店提供加热器以供暖。,Via说酒店房间很冷，只有一个加热器，她和朋友贴在加热器上汲取热量，可知斯特兰德酒店提供加热器以供暖。,,,,,,,,,,
25,https://www.youtube.com/watch?v=ALN5kwGkymQ,28:16,纪录片-历史纪实,1,Who was the last king or queen buried in Westminster Abbey?,通用知识推理,George II,最后一名葬在威斯敏斯特教堂的皇帝,根据David所说乔治二世之后的国王葬在了温莎可以得出,,,,,,,,,,
,,,,2,When was the first king's coronation ceremony held at Westminster Abbey?,通用知识推理,In 1066.,在威斯敏斯特教堂第一次举行的国王加冕仪式,根据David所说在威斯敏斯特教堂举行加冕仪式的传统可以追溯到1066年可知,,,,,,,,,,
,,,,3,"After introducing the monument to the Unknown Soldier, whose monument did David introduce? ",多跳推理,Winston Churchill,,模型需要先找到David介绍无名英雄纪念碑的时刻然后分析接下来他介绍了谁的纪念碑,,,,,,,,,,
,,,,4,What is David's speaking style like?,人物属性建模,He speaks in a serious manner.,,从David介绍威斯敏斯特教堂时一直是认证严肃的语气可以看出,,,,,,,,,,
,,,,5,What is David's attitude towards Henry III?,人物属性建模,It is respectful.,,根据David多次谈到亨利三世对威斯敏斯特教堂做出的贡献以及为他被忽视感到不公可以看出,,,,,,,,,,
26,https://www.youtube.com/watch?v=m8hSgPhTl5c,23:24,访谈 - 动态（含充分视觉信息）,1,Is the Wild Woodbury project fully enclosed or open?,通用知识推理,It is open.,Wild Woodbury项目是否对外开放,根据Rob所说项目区域有阶段性展示的区域并且有开放的通道可以看出项目是对外开放的,,,,,,,,,,
,,,,2,Which port does the River Sherford flow into?,通用知识推理,Poole Harbour.,谢尔福德河流向,根据Rob农田中流出的水会进入谢尔福德河然后很快会到达普尔港可知谢尔福德河流向普尔港,,,,,,,,,,
,,,,3,"After observing the frogs spawning by the river, which animal did Rob introduce? ",多跳推理,Viper,,模型需要先定位到Rob观察完青蛙产卵的时刻然后分析判断他接下来介绍了哪种动物,,,,,,,,,,
,,,,4,Is Rob a serious person or an amiable person? ,人物属性建模,He is an amiable person.,,根据访谈过程中Rob礼貌地态度，和善的表情可以看出他不是一个严肃的人,,,,,,,,,,
,,,,5,Is Rob a conscientious and responsible person or a careless one? ,人物属性建模,He is a conscientious and responsible person.,,根据Rob对项目区域内的事物都很了解可以看出他是一个认真负责的人,,,,,,,,,,
27,https://www.youtube.com/watch?v=51FoFWfx2BI,34:42,访谈 - 动态（含充分视觉信息）,1,Can pink oyster mushrooms be eaten or are they poisonous?,通用知识推理,It can be eaten.,粉红牡蛎菇是否可以食用,根据Jacques说看到了吃的蘑菇然后介绍了粉红牡蛎菇和一些其他蘑菇可以得出其可以食用,,,,,,,,,,
,,,,2,What are the advantages of mycelium inoculation compared with spore inoculation?,通用知识推理,Mycelium inoculation is faster and has higher genetic stability. ,和孢子接种相比菌丝体接种有什么优点,根据Louis所说孢子会引入很多遗传多样性并且传播很慢可以得出,,,,,,,,,,
,,,,3,Where did Jacques and Louis go after they visited the distiller? ,多跳推理,The lab.,,模型需要先定位到Jacques和Louis参观完蒸馏器的时刻然后分析他们接下来去了哪里,,,,,,,,,,
,,,,4,How about Louis' planting technique?,人物属性建模,Louis's planting technique is extremely exquisite.,,根据Louis对蘑菇种植的每个步骤都十分了解可以看出他的种植技术很优秀,,,,,,,,,,
,,,,5,What is Jacques' speaking style like?,人物属性建模,He is humorous.,,根据Jacques和Louis交谈时时常开玩笑可以看出他讲话是幽默风趣的,,,,,,,,,,
28,https://www.youtube.com/watch?v=gR78swqMz6Y,27:25,访谈 - 动态（含充分视觉信息）,1,Which country is the Monastery of Volos located in?,通用知识推理,Greece,沃洛斯修道院位置,根据视频中提到的访谈地点在希腊阿索斯山并且说沃洛斯修道院是这里最受欢迎的修道院可以得出,,,,,,,,,,
,,,,2,What's unique about Mount Athos' time system?,通用知识推理,Follows Byzantine time.,阿索斯山的时间制度,根据Simon所说阿索斯山是最后一处使用拜占庭时间的地方，从日落开始新一天可以得出,,,,,,,,,,
,,,,3,Who did Simon meet after visiting the smallest monastery on Mount Athos?,多跳推理,Father Maximus.,,模型需要先定位到Simon参观完山上最小的修道院时，然后分析他接下来遇到了谁,,,,,,,,,,
,,,,4,What is Father Yakovos' speaking style like?,人物属性建模,He speaks slowly.,,根据雅科夫神父和Simon交谈时的语气可以看出他讲话是慢条斯理的,,,,,,,,,,
,,,,5,What is the level of Father Maximus' historical research?,人物属性建模,He has strong academic expertise.,,根据Father Maximus是哈佛神学院的前教授以及对东正教的历史了如指掌可以看出,,,,,,,,,,
29,https://www.youtube.com/watch?v=aqy-agi-kiQ,24:08,综艺 - 纪实（真人秀）,1,How does Betty treat her students?,人物属性建模,She is strict with his students.,,蛋糕老板说Betty教他做花卉蛋糕时会准备戒尺，不听话就会挨打，从中推断她对待他的学生很严格,,,,,,,,,,
,,,,2,Why use two toothpicks when decorating a cupcake bouquet？,通用知识推理,Because two toothpicks hold better.,杯子蛋糕有一定重量，两根牙签既不废材料有具有稳固性,视频中装饰纸杯蛋糕花束时，防止因重力掉落，可将其夹在两根牙签中间从中推测两根牙签具有更好的稳固性，一根牙签难以平衡纸杯蛋糕各方向受到的力，三根牙签虽固定点更多，但实操困难，且要安装多个纸杯蛋糕，废材，所以两个是最好的,,,,,,,,,,
,,,,3,What kind of cakes does the cake shop owner excel at making?,人物属性建模,Floral-patterned cakes.,,视频中蛋糕老板说他从14岁第一次制作蛋糕就是花卉蛋糕，并且很喜欢做由此推出他擅长做花卉蛋糕,,,,,,,,,,
,,,,4,Why use LED lights charged by solar energy as decorative lighting?,通用知识推理,Because of its good battery life.,针对大型活动对LED的续航有着高要求,举办费城花展是大型活动对续航能力有着高要求，而视频中选用了太阳能充电的 LED 灯作为蛋糕装饰，从而说明太阳能充电的 LED 灯续航能力好,,,,,,,,,,
,,,,5,How many cakes did the owner of the cake shop make in total?,多线索推理,Three.,,视频中蛋糕老板分别制作了巴黎主题蛋糕、婚礼花卉蛋糕和婚礼之辈蛋糕,,,,,,,,,,
30,https://www.youtube.com/watch?v=l-QyfCsz_0c,24:01,教学 - 烹饪,1,What are the techniques to avoid the accumulation of noodles?,通用知识推理,Shake the dough evenly and sprinkle flour on it.,在制作手拉面时将面摊开或撒面粉避免面条粘连,视频中丹尼斯在拉面时反复做拉伸抖动动作，并将面条摊开撒上面粉从而推断是防止面条粘连,,,,,,,,,,
,,,,2,Is Dennis better at making Chinese noodles or Italian noodles?,人物属性建模,Chinese noodles.,,丹尼斯熟练掌握有着 2000 年历史的中国手拉面技艺，能够将面团用手拉伸成细长的面条，技艺精湛从而得知他更擅长做中国拉面,,,,,,,,,,
,,,,3,What kind of behavior is it when one slurps while eating noodles in Italian culture?,通用知识推理,It is impolite.,中国文化吃面中发出吸溜声是表达享受，而在意大利文化中是不礼貌的行为,视频中提及在中国文化中，吃面时发出吸溜声意味着在享受美食，是积极的，John Luka表示在意大利文化中不能这么做，从而得出这样做是不礼貌的,,,,,,,,,,
,,,,4,Is Dennis an enthusiastic person or a cold-hearted one?,人物属性建模,Dennis is an enthusiastic person.,,视频中Dennis对John Luka的到来很高兴并握了手，在教John Luka学中国拉面时很耐心，很友善由此推出他是热情的人,,,,,,,,,,
,,,,5,How many kinds of delicacies did John Luca taste?,多线索推理,Five.,,视频中通过丹尼斯的介绍，John Luka总共吃了兰州牛肉拉面、三角形面条、类似意大利肉酱面的中国面条、番茄味面条和羊肉面条五种食物,,,,,,,,,,
31,https://www.youtube.com/watch?v=9M_J3iWcMbU,22:24,教学 - 科技,1,What are Christian's hobbies?,人物属性建模,He likes to study automotive technology.,,Christian可能爱好研究汽车技术创新，因为他详细阐述了诸多如变速器、发动机等独特技术研发过程,,,,,,,,,,
,,,,2,Which part did Christian talk about after he finished talking about the crown wheel? ,多跳推理,Clutch.,,定位Christian讲皇冠轮之后得出他下一个讲得是离合器,,,,,,,,,,
,,,,3,What kind of improvement does the design of using air core technology for the seat bring to the performance of the seat?,通用知识推理,Lighter and stronger.,"座椅采用空气核心技术且有内部碳纤维墙加固,使座椅更轻更坚固",视频中Christian表示座椅采用空气核心技术且有内部碳纤维墙加固，从空气和加固中推测这技术提升了座椅的轻量化和坚固化,,,,,,,,,,
,,,,4,What kind of personality traits does Christian demonstrate when facing technical difficulties?,人物属性建模,Be proactive and perseverant.,,从其对变速器等复杂技术研发过程的讲述可知,,,,,,,,,,
,,,,5,The number of employees at Koenigsegg's new factory has been growing rapidly. What challenges might this bring to the factory?,通用知识推理,Management difficulties.,员工数量快速增长可能导致新员工培训压力增大，管理困难,视频中Christian表示工厂以前空间狭小，新工厂翻新扩建后空间充足，员工数量从 200 人在不到三年增长到 660 - 670 人，从而推出员工数量快速增长，管理起来就会相对困难,,,,,,,,,,
32,https://www.youtube.com/watch?v=1u6E8BWW7Mk,29:22,vlog - 派对,1,What color does the blogger like?,"人物属性建模,多模态/多语言推理",Crimson red,,定位到博主介绍毛衣的片段，她说自己最近喜欢上了这种颜色，水杯、电脑包、手机壳、抱枕也是这个颜色，结合视觉可知是酒红色,,,,,,,,,,
,,,,2,"Which one is more proactive, the blogger or Sam?",人物属性建模,Sam,,定位到博主在车上回忆高中的片段，她和Sam做了一整年的朋友，Sam向她表白了，他们的共同好友也劝她和Sam在一起，但是她在喜欢Sam的前提下害怕开始一段恋情，后来两人在一起的契机是Sam给她发消息说要吻她，并在第二天当着朋友们的面吻了她，可推断出Sam更主动,,,,,,,,,,
,,,,3,Who is the founder of Corrupted Closet?,通用知识推理,J Paul, Corrupted Closet的创始人是J Paul,定位到博主拿着一束花的片段，她提到，”如果你们不知道 Corrupted Closet，希望现在你们知道了，因为这次合作，还有品牌所有者J Paul，他太棒了，还有整个品牌都太棒了“可推断出,,,,,,,,,,
,,,,4,How many cakes did the blogger eat during the celebration of her birthday?,多线索推理,Two,,结合蛋糕出现的有关片段可得到答案,,,,,,,,,,
,,,,5,What kind of services does DREAM UNTIL IT'S YOUR REALITY HOODIE offer？,"多线索推理,多模态/多语言推理,通用知识推理",Pre-sale and customization,DREAM UNTIL IT'S YOUR REALITY HOODIE提供预售和定制的服务,定位到开头博主说“如果你们在看视频，可以正式买我的连帽衫，它们现在接受预定，像定制的vibe一样”，定位到连帽衫发布的片段，视觉可得到连帽衫品牌名字,,,,,,,,,,
33,https://www.youtube.com/watch?v=m06VUsvgNU4,26:13,vlog - 派对,1,What is Rachel and her husband's habits?,人物属性建模,Hold a wedding party once a year,,定位到开头博主在车上的片段，她说“我们在庆祝Rachel的婚礼，她每年都和她的丈夫一起做这件事”，可推断出,,,,,,,,,,
,,,,2,What is the feature of Aritzia's Butter series of trousers?,通用知识推理,They have no front seam,Aritzia黄油系列的裤子没有前缝,定位到博主展示自己在Aritzia买的衣服的片段，她说这是Aritzia的黄油系列，它们非常舒适，没有前缝，可推断出,,,,,,,,,,
,,,,3,What kind of way does Rachel prefer for doing manicure?,人物属性建模,Apply nail stickers,,定位到Rachel在车上展示美甲的片段，她说每个指甲下面都有锉刀上掉的痂，因为做美甲时很痛而且不符合预期，Natalie说Rachel的美甲很厚，结合后面Natalie说自己也贴了美甲贴片，可推断出Rachel是给自己做的美甲贴片，在车上时Natalie还说发生了这样的事（这样的事指Rachel的指甲被美甲店店员锉出血痂的事）之后不会再去美甲沙龙了，Rachel表示赞同，可推断出,,,,,,,,,,
,,,,4,What kind of gear shifting system does Honda Pilot have?,"多模态/多语言推理,通用知识推理",Push-button style,本田pilot的换挡是按钮式的,定位到博主介绍本田pilot的片段，她说“它只是一些小按钮，所以我必须习惯”，视觉可知“它”指的是换挡区域，可推断出,,,,,,,,,,
,,,,5,How many new clothes did the blogger purchase at Aritzia?,多线索推理,Five,,定位到博主展示在Aritzi买的衣服的片段，跟踪行为可得到答案,,,,,,,,,,
34,https://www.youtube.com/watch?v=gmxmQRUhyN4,24:01,vlog - 派对,1,How many founders does Sticky Lips have?,通用知识推理,Two,Sticky Lips的创始人有两个,定位到派对上Joel介绍Sticky Lips的片段，他说”今天的食物是我来自Sticky Lips的朋友做的，后面那个是我的朋友Liam，那是他的女朋友Stevie，他们创办了这家公司“可推断出,,,,,,,,,,
,,,,2,What kind of party style does Kaci prefer?,"多线索推理,人物属性建模",Simple and concise.,,定位到视频开头，博主说“她不想要任何装饰，所以我没有气球或任何东西，我没放任何装饰品，但是我准备了这些小饼干，上面写着Kaci，写着05的那个女孩，因为她就是那个女孩“，可推断出”她“指的是Kaci，从而得到答案,,,,,,,,,,
,,,,3,What's the relationship between the blogger and Joel?,"多线索推理,人物属性建模",Couple,,视频开头博主提到Joel带着女孩们出去了，定位到孩子们回来的片段，博主称一个男人为孩子爸爸，他说自己照顾三个孩子很辛苦，可推断出这个男人是Joel，从而得到答案,,,,,,,,,,
,,,,4,What kind of food does Sticky Lips produce?,通用知识推理,Barbecued food,Sticky Lips是做烧烤食物的公司,定位到派对上Joel介绍Sticky Lips的片段，他说自己的朋友来自Sticky Lips，他们创办了这家公司，做烧烤食物，可推断出,,,,,,,,,,
,,,,5,Who got a strawberry Mojito without alcohol?,"多线索推理,多模态/多语言推理",Sophia,,定位到派对开始前草莓莫吉托出现的片段，结合之前介绍穿搭的片段可得到答案,,,,,,,,,,
35,https://www.youtube.com/watch?v=A_iPKTr-I6A,27:48,访谈 - 静态（对话密集型，少量视觉信息）,1,Is John an amateur host?,"多线索推理,人物属性建模",No.,,通过观看视频，视频中John，如询问新技术如何改变招聘和培训方式，以及询问制造技术是否昂贵以及如何确保投资回报等专业提问，由此可知John是一个专业的主持人，而非业余。,,,,,,,,,,
,,,,2,What kind of factory is the Delta Township facility?,通用知识推理,Automobile factory.,Delta Township工厂是通用汽车（General Motors）位于美国密歇根州兰辛市附近的一座重要汽车制造工厂。,通过观看视频，视频中John介绍了Dan的职位，以及结合james向Dan提问到他在密歇根州兰辛市的Delta Township 工厂等内容，可知该工厂是一个汽车制造工厂。,,,,,,,,,,
,,,,3,What is Dan's research area?,人物属性建模,Smart manufacturing and manufacturing integration.,,通过对文中 Dan 的职位、言论以及对各种制造相关技术和员工管理等方面内容的分析，由此可知他的研究领域是智能制造与制造业整合，,,,,,,,,,,
,,,,4,How many guests did John invite for the interview in total? ,多线索推理,Three.,,通过观看视频，视频中主持人介绍了本次的采访嘉宾，分别为James、Dan和Jeff三人。,,,,,,,,,,
,,,,5,What hand problems caused by repetitive tasks can the RoboGlove help reduce? ,通用知识推理,Hand strain.,RoboGlove（机器人手套） 能帮助减少因重复性任务导致的手部劳损问题。,通过观看视频，视频中Dan介绍了RoboGlove（机器人手套）的设计及工作原理，通过其工作原理，可知该设计能够帮助减少由于重复问题造成的手部劳损问题。,,,,,,,,,,
36,https://www.youtube.com/watch?v=zeyJRz5eKgw,38:08,vlog - 特殊事件,1,What is Beth's hobby?,"多线索推理,人物属性建模",Adventure travel.,,通过观看视频，视频中Michelle在对Beth进行采访时，Beth说道自己是一个专做冒险的全职博主，如介绍到她刚刚在龙卷风警报中幸存下来等，可知Beth是一个爱好冒险式旅游的人。,,,,,,,,,,
,,,,2,What kind of business is Lithionics focused on?,通用知识推理,Battery manufacturing.,Lithionics 是一家专注于 锂离子电池系统 设计和制造的公司，主要提供高性能、智能化的电池解决方案，应用于多个行业，尤其是需要高能量密度、长寿命和可靠电源的领域。,通过观看视频，视频中Jason介绍到Lithionics的行业地位描述、电池产品提及等内容，由此可知Lithionics是一家专注于电池生产制造的公司。,,,,,,,,,,
,,,,3,What are Jason's outdoor cooking skills like?,人物属性建模,Skilled.,,通过观看视频，其中通过观看jason在露营时的烹饪片段，如娴熟的烹饪等细节，可知Jason的烹饪技巧是娴熟的。,,,,,,,,,,
,,,,4,Where did Jason go after the camping trip?,多跳推理,NOOVO factory tour.,,通过观看视频，视频中Jason在结束了露营后，来到NOOVO factory参观。,,,,,,,,,,
,,,,5,What other functions does the 3M Thinsulate material have besides sound insulation? ,通用知识推理,Regulate the temperature.,3M Thinsulate 材料除了具有隔音性能外，还具有一定的温度调节功能。,通过观看视频，视频中Sloan的介绍，3m thinsate是一种很棒的产品，不仅提供隔音屏障，还能够有助于调节冷热温度。由此可知，问题答案。,,,,,,,,,,
37,https://www.youtube.com/watch?v=tE2ipy2Xuvc,31:09,教学 - 工业制造,1,Is Thomas very familiar with the guitar-making craftsmanship?,"多线索推理,人物属性建模",Yes.,,通过观看视频，视频中Thomas介绍了木材铣削、抛光、上漆等多个环节和工艺，由此可知Thomas十分属性吉他的制作工艺。,,,,,,,,,,
,,,,2,What is the process of making a guitar?,通用知识推理,Complex and highly precise.,吉他的制作过程是复杂且高度精细 的，无论是手工制琴还是高端工业化生产，都需要对木材特性、声学原理和人体工程学有深刻理解。,通过观看视频，视频中Thomas介绍了木材选择与处理、制作步骤繁杂以及对工艺的高要求等，由此可知吉他的制作过程是复杂且高度精细的。,,,,,,,,,,
,,,,3,What is Thomas's teaching style?,人物属性建模,Detailed explanation style.,,通过观看视频，视频中Thomas对每个环节的讲解不仅涵盖了操作步骤，还包括设备的使用、材料的特性、生产过程中的细节和注意事项等。由此可知，他的讲解风格是很详细的。,,,,,,,,,,
,,,,4,"After introducing the sanding department, what did Thomas talk about next?",多跳推理,Finishing department.,,通过观看视频中，Thomas在介绍完打磨部门后，接下来介绍了上漆部门。,,,,,,,,,,
,,,,5,How should the temperature be controlled when applying finish to a sanded guitar body and neck?,通用知识推理,The temperature control is relatively mild.,琴身和琴颈在上漆时的温度控制是一种相对温和但必须恒定的处理，是为了让漆层自然成膜、稳定干燥，而不是依赖极端温度来加快工序。,通过观看视频，定位到Thomas介绍上漆环节的片段，他介绍到这里是需要控制温度，由于圣路易斯奥比斯波的气候相对温和，没有安装空调来控制温度。由此可知，琴身和琴颈在上漆时，由相对温和的温度控制要求。,,,,,,,,,,
38,https://www.youtube.com/watch?v=sBrXhcyOsqk,24:59,测评 - 食品,1,What kind of dipping sauce do Joseph and Gabby like to eat at Milos restaurant?,人物属性建模, It's the Sriracha sauce.,,视频中模型通过Joseph and Gabby表示在Mlios餐厅他们点了鸡肉凯撒沙拉三明治、传统牛排沙拉三明治和鸡肉陀螺，博主喜欢加 Sriracha 酱去吃，由此可得。,,,,,,,,,,
,,,,2,What can you plant in the nursery of Highand Nursery Cafe after dining there?,通用知识推理, Succulents.,视频中模型通过Joseph and Gabby在讲述在 Highand Nursery Cafe餐厅吃完植物之后，餐厅有一个苗圃提供给用餐后顾客可以种植自己的多肉植物。,视频中模型通过Joseph and Gabby在讲述在 Highand Nursery Cafe餐厅吃完植物之后，餐厅有一个苗圃提供给用餐后顾客可以种植自己的多肉植物，由此可推断。,,,,,,,,,,
,,,,3,What is Gabby's favorite salad at Milos restaurant? ,人物属性建模,It's the chicken Caesar salad.,,Gabby讲述她被Joseph带到Milos餐厅，其中鸡肉凯撒三明治是博主最爱，内有鸡肉、生菜、番茄、凯撒酱和少量奶酪，她最爱的，由此可推出。,,,,,,,,,,
,,,,4,How many restaurants did the bloggers Joseph and Gabby review in total?,多线索推理, Five restaurants.,,模型需要识别博主一共去过哪些餐厅，Highand Nursery Cafe、Milos、Boba Lane、Local Kitchens（Nash and Proper）、Hello Tamaki这五家餐厅。,,,,,,,,,,
,,,,5,"What is the biggest feature of the Halo Halo product in Boba Lane, the boba tea shop?",通用知识推理, It uses taro milk.,博主推荐Halo Halo并讲述该产品含有多种甜品配料，如果冻、椰果、米脆片、冰淇淋等，其最大特色是香芋牛奶。,视频博主到访了在罗克兰地区的波霸店，他们推荐Halo Halo并讲述该产品含有多种甜品配料，如果冻、椰果、米脆片、冰淇淋等，但其最大特色是香芋牛奶，由此可推出。,,,,,,,,,,
39,https://www.youtube.com/watch?v=ok5N73_Tf1k,30:10,教学 - 工业制造,1,Is Christian Von a person who focuses on short-term benefits?,人物属性建模,No.,,早在 20 年前 Christian Von就开始着手学习构建系统，为公司内部制造能力的发展打下基础。在面对一系列需求时，不是单纯依赖外部，而是从长远考虑，选择建立自己的部门来实现内部生产，显示出对公司未来发展的清晰规划，不局限于短期利益。,,,,,,,,,,
,,,,2,What kind of cars does Steve Hamilton like?,人物属性建模,Supercars.,,视频中Steve Hamilton在经过整个生产线之后看到组装完成的跑车时，表示自己真的很激动很兴奋，因为自己也是一个拥有kig跑车的车主，由此可推出他对超跑的喜爱。,,,,,,,,,,
,,,,3,What are the differences between the kig-Koenigsegg car factory and other supercar manufacturers in the production of supercars? ,通用知识推理,The kig-Koenigsegg car factory has a high self-made parts rate.,超跑制造商大多是组装套件公司，而kig-Koenigsegg公司很多零部件都是在自己的工厂里生产制造的。从变速器、发动机、电动机等都是在公司内部完成的。,基于视频两人交谈表示，超跑制造商大多是组装套件公司，而kig-Koenigsegg公司很多零部件都是在自己的工厂里生产制造的。从变速器、发动机、电动机等都是在公司内部完成的，由此可推出KIG公司汽车与其他汽车的差异是零件自制率相对要高。,,,,,,,,,,
,,,,4,Where did Christian take the video blogger to visit first before leading him to visit the production area?,多跳推理, The design studio.,,视频中Christain带领博主从设计工作室开始参观，穿过此工作室就是生产区域，由此可推断。,,,,,,,,,,
,,,,5,How many modules are designed in the battery pack of the Kig car factory?,通用知识推理, There are 12 modules.,Christain带领参观电池组研发时，讲述kig工厂的电池组很紧凑轻便，有 12 个模块，有问题时更换模块比更换单个电池更划算。,Christain带领参观电池组研发时，讲述kig工厂的电池组很紧凑轻便，有 12 个模块，有问题时更换模块比更换单个电池更划算，类似乐高积木可拆解。由此可推出。,,,,,,,,,,
40,https://www.youtube.com/watch?v=lHtocbq47o4,26:22,访谈 - 动态（含充分视觉信息）,1,How many layers of security checks are needed to enter HMP FOS prison?,通用知识推理,Seven layers.,进入监狱需经过多层严格的安全检查，包括身份和生物识别检查、气闸室、生物特征验证、金属探测器、全身搜查等共七道屏障。,视频中基于博主的进入监狱过程的记录，需经过多层严格的安全检查，包括身份和生物识别检查、气闸室、生物特征验证、金属探测器、全身搜查等共七道屏障。，由此可推断,,,,,,,,,,
,,,,2,How many cameras are installed in total inside HMP FOS prison? ,通用知识推理,"There are 1,700 cameras installed.",基于视频中博主的讲述监狱内装有 1700 个摄像头，安全等级极高。,基于视频中博主的讲述监狱内装有 1700 个摄像头，安全等级极高。由此得出。,,,,,,,,,,
,,,,3,Is Dave a person with meticulous logic? ,人物属性建模,Yes.,,Dove在讲述监狱围墙设计时，围栏间距设计特殊不会让手指能伸过去，同时墙面围栏的一定高度上有防护布能防止人攀爬，而且到达一定高度能给工作人员足够的时间做出反应并赶到这里，由此可知。,,,,,,,,,,
,,,,4,What design of the prison did Dave introduce before introducing the visitor center? ,多跳推理,The design of the 5.2-meter-high anti-climb fence.,,视频中DOVE带领博主先残骨炎5.2米高的防空栅栏并讲述设计巧思，下一个视频画面Dove介绍了监狱游客中心，由此可推断。,,,,,,,,,,
,,,,5,What method does Dave prefer for scent searching? ,人物属性建模,Police dogs.,,视频中Dove表示：科技绝对是非常了不起的，但说实话，传统的工作方式也有其用武之地。有些东西是你无法替代的。然后就向博主展示了当前她使用的四种警犬的灵敏快捷性，由此可推断。,,,,,,,,,,
41,https://www.youtube.com/watch?v=seYon2Eppc0,24:07,测评 - 食品,1,What kind of coffee in Because Coffee does Gabby like the most?,人物属性建模,The sea salt latte.,,Gabby首先到达Because Coffee，在店员推荐下选择海盐拿铁，在品尝后她表示咖啡上面有一层海盐奶油，咖啡本身也非常棒，这可能是我喝过的最好喝的咖啡之一由此可推断。！,,,,,,,,,,
,,,,2,What is Gabby and Joseph's favorite Filipino breakfast?,人物属性建模,Beef tapa and vanilla almond latte.,,在视频结尾最后一天早上，两个人去了Wildflour Cafe + Bakery，点了牛肉塔帕（腌制牛肉配煎蛋和大蒜米饭）和香草杏仁拿铁。两个人都表示这可能是我在菲律宾吃过的最好吃的早餐！,,,,,,,,,,
,,,,3,How many dining establishments did Gabby and Joseph review in the video? ,多线索推理,Four. ,, Gabby and Joseph两个人在视频中测评了BCG的饮品和菜品，有Because Coffee、Manam 餐厅、Izakaya Geronimo 餐厅、Wildflour Cafe + Bakery 咖啡馆四家。,,,,,,,,,,
,,,,4,Which clothing brand opened Because Coffee? ,通用知识推理,Harlland and Holden.,视频中Gabby讲述来Because Coffee，这是由Harlen和Holden（一个流行的服装品牌）开设的咖啡店。,视频中Gabby讲述来Because Coffee，这是由Harlen和Holden（一个流行的服装品牌）开设的咖啡店，由此可推断。,,,,,,,,,,
,,,,5,What kind of dishes does Manam Restaurant mainly offer?,通用知识推理,Traditional Filipino home-style dishes.,视频中 Gabby and Joseph在SM奥罗广场，两次去到Manam餐厅，并介绍该提供菲律宾传统家常菜。,视频中 Gabby and Joseph在SM奥罗广场，两次去到Manam餐厅，并介绍该提供菲律宾传统家常菜，有牛腩酸汤（sinigang）和鱿鱼海鲜汤（seesig）等，由此可推出。,,,,,,,,,,
42,https://www.youtube.com/watch?v=bXv_fEDU8H0,28:49,测评 - 食品,1,How many restaurants did Gabby and Joseph review in total?,多线索推理,Five.,, Gabby and Joseph两个人在视频中测评了NUDAKE Croissant Cafe、Tempura Tendon Hamada、Onion Cafe、Wanting Nurungji Rotisserie Chicken、WangBiJip Korean BBQ共5家。,,,,,,,,,,
,,,,2,Is the barbecue grilled by oneself or by the store staff when dining at WangBiJip Korean BBQ? ,通用知识推理,It is grilled by the store staff., WangBiJip Korean BBQ 就餐店家会帮忙烤肉，所以这次在这家店就餐不需要自己烤肉。,视频中Gabby和Joseph在 WangBiJip Korean BBQ 就餐店家会帮忙烤肉，Justin（之前总是为大家烤肉）得以休息，所以这次在这家店就餐不需要自己烤肉。,,,,,,,,,,
,,,,3,"Does Joseph prefer sweet croissants or savory croissants? 
",人物属性建模,Savory croissants.,,在视频中提到，Joseph对NUDAKE牛角面包咖啡馆的奶油洋葱牛角包评价非常高，描述它像“奶油洋葱百吉饼配奶油芝士”，并且给出了“17 out of five”，二队甜口牛角包也喜欢评分9分，由此可知他对咸口牛角包的喜欢。,,,,,,,,,,
,,,,4,What performances are there at Starfield Coex Mall Library during Christmas? ,通用知识推理,There is a light show.,星野图书馆，就在江南区。基本上这是一个两层楼的图书馆，但让它特别的地方在于，圣诞节期间这里有一个很棒的灯光秀。,视频中Gabby和Joseph到了星野图书馆，就在江南区。基本上这是一个两层楼的图书馆，但让它特别的地方在于，圣诞节期间这里有一个很棒的灯光秀，由此可推断。,,,,,,,,,,
,,,,5,Gabby and Joseph really like to eat what kind of cuisine?,人物属性建模,Japanese cuisine.,,在视频中测评一家天妇罗餐厅时，两个人表示他们很高兴首尔有很多日本料理，如果你对日本料理感到厌倦，他们很抱歉，但他们真的很喜欢。由此可推断。,,,,,,,,,,
43,https://www.youtube.com/watch?v=KHslnSzK2SU,30:56,vlog - 亲子,1,What is the relationship between the author and Emmy? ,人物属性建模,They are father and daughter.,,首先作者提到他的妻子去学习接Emmy，之后在提及他的儿子时，提到了Emmy是他的儿子的姐姐。,,,,,,,,,,
,,,,2,What is the length of the development history of the Silstar fishing rod brand?,通用知识推理, It has a long history.,Silstar这种品牌的鱼竿的历史悠久,视频中作者带孩子钓鱼使用的是Silstar这种品牌的鱼竿，提到这个鱼竿他从小用到大，并且他的父亲教他使用这个鱼竿钓鱼竿。,,,,,,,,,,
,,,,3,What is Ben's favorite sport?,"多线索推理,人物属性建模",Fishing.,,视频中作者提到Ben很喜欢叫他一起出去钓鱼，而且视频中Ben年纪很小，但对钓鱼展现出来很强的能力，而且钓鱼期间情绪十分高涨。,,,,,,,,,,
,,,,4,How many fish did Ben catch in total?,多模态/多语言推理,Seven.,,通过视频以及作者的对话，可以了解到先钓到了六条，最后一杆可以通过画面看到已经成功把鱼钓上了岸，并留在了岸边。,,,,,,,,,,
,,,,5,"When touching a catfish, which parts should you avoid to ensure that you won't get pricked?",通用知识推理, The fins.,鲶鱼的胸鳍和背鳍上都有硬刺,作者在Ben钓起鲶鱼时提到让他小心鱼鳍，因为那很锋利，并且在最后可以看到Ben因为没有注意钓起鱼时直接甩到了自己身上，并且扎到了自己。,,,,,,,,,,
44,https://www.youtube.com/watch?v=yij5LSuT70k,22:51,vlog - 特殊事件,1,Where did Victoria live before she became the queen? ,通用知识推理,Kensington Palace.,英国女王维多利亚在继承王位前的生活状况,视频中历史学家Lucy Worsley在介绍肯辛顿宫提到维多利亚女王童年都在这里度过，直到她18岁成为女王。,,,,,,,,,,
,,,,2,What does Lucy Worsley do for a living?,"多线索推理,人物属性建模",The manager of Kensington Palace and a historian.,,视频中作者提到这里还没有开放，但是Lucy可以带自己参观这里，Lucy对这里的各种设施十分熟悉，对历史也很有研究，并且提到什么时间打算对外开放。,,,,,,,,,,
,,,,3,When did Queen Victoria marry Albert?,通用知识推理,When she was 20 years old.,关于维多利亚女王的婚姻史,视频中Lucy Worsley提到维多利亚女王与阿尔伯特相遇时是在16岁，但在这时她拒绝了结婚的提议，但在她20岁的时候无法再承受有关婚姻的言论的压力。,,,,,,,,,,
,,,,4,What is the author's chatting style like?,人物属性建模,It's serious.,,视频中作者大多数时间在倾听Lucy Worsley的讲述，可以观察到作者的表情比较严肃，并且交流时感到说话较严谨，并且多为探讨。,,,,,,,,,,
,,,,5,How was Victoria's childhood life?,多线索推理,It was painful.,,视频中维多利亚在继承王位前生活在肯辛顿宫，Lucy Worsley提到维多利亚基本上是被囚禁在这里，各项活动都要受到监管，维多利亚是单亲家庭，并且单亲母亲并不在乎她。,,,,,,,,,,
45,https://www.youtube.com/watch?v=Wj17osJhxOs,35:51,vlog - 园艺,1,What is the length of the frost-free period of the Animas River in the southwestern part of Colorado?,通用知识推理,It is relatively short.,阿尼穆斯河地区的地势普遍较高，且气候较寒冷,视频中采访者与Max和James谈论这里的种植状况，两人提到他们这里的无霜期大概只有九十天左右。,,,,,,,,,,
,,,,2,What are the main agricultural products grown by the Fields to Plate project?,多线索推理, Beets and carrots.,,Fields to Plate这个项目是由Max和James进行的，他们提到由于这里的气候影响，他们第一次种植的是甜菜和胡萝卜，并且现在主要种植的也是这个。,,,,,,,,,,
,,,,3,What is the relationship between Max and James? ,"多线索推理,人物属性建模",They are friends and colleagues.,,视频中提到他们从幼儿园开始就认识了，并且现在他们两人一起经营一家公司。,,,,,,,,,,
,,,,4,"According to Dave's personality, what would he do for young people who need land for farming?",人物属性建模,He would lease the land to them.,,作者与Dave的对话中，Dave很高兴看到自己的土地在从事农业生产，并且他也很喜欢勤劳工作的人，愿意给他们提供帮助。,,,,,,,,,,
,,,,5,What do the organic farmers along the Animas River plant to improve soil fertility?,通用知识推理,Ryegrass and purple hairy vetch.,阿尼穆斯河适宜用来增加土壤肥力的种植物,视频中James提到他们需要对土壤增肥来确保明年的种植，他们喜欢像大多数这里的有机农民一样种植黑麦草和紫色毛野豌豆。,,,,,,,,,,
46,https://www.youtube.com/watch?v=Pifb7qPbP4U,23:24,vlog - 园艺,1,What is Ash's occupation?,人物属性建模,A medical worker.,,视频中作者是从澳大利亚救护的页面上找到了这个花园，并且经过交流，Ash的花园工作只是爱好，他是救护相关的人员，现在在办公室工作。,,,,,,,,,,
,,,,2,What is the smell of lemon balm like?,通用知识推理, The aroma is rich.,关于柠檬香蜂草这种植物的气味,视频中作者看到了这种植物，在Ash的允许下闻了一下，发现这种植物的味道很好，并且浓郁。,,,,,,,,,,
,,,,3,What is Ash's chatting style like?,人物属性建模, It's serious.,,观察视频中Ash在交流过程中表现认真，很少露出笑容，并且说话语气也偏向严肃。,,,,,,,,,,
,,,,4,What are the main types of pollination methods for kiwifruit?,通用知识推理,Cross-pollination.,猕猴桃的授粉方式,视频中Ash提到在他的花园里种了两株猕猴桃，一株雄一株雌，这样才能结果，可以判断出授粉方式。,,,,,,,,,,
,,,,5,What method is mainly used for pollinating the plants in Ash's garden?,多模态/多语言推理,Pollination by bees.,,通过视频中画面可以看到Ash的花园里养了许多的蜜蜂，并且Ash提到他并不会进行人工授粉。,,,,,,,,,,
47,https://www.youtube.com/watch?v=coOtsPmfs8k,30:43,vlog - 派对,1,"After finishing the cake, who showed the fries that he had eaten?","多跳推理,多模态/多语言推理",Michael,,定位到吃蛋糕的片段，跟踪行为定位到吃薯条的片段，结合之前对Michael的介绍，利用视觉可知展示薯条的是Michael,,,,,,,,,,
,,,,2,What type of books does Demi prefer?,"人物属性建模,多模态/多语言推理",Suspense novel,,定位到唱生日歌的片段，可知过生日的是Demi，再定位到拆礼物的片段，Demi说Emily送她一本悬疑小说，她已经阅读一部分了，可以推断出,,,,,,,,,,
,,,,3,What brand is Silva?,通用知识推理,Jewelry,Silva是一个首饰品牌,定位到拆礼物片段，Demi介绍了Danica送给她的Silva耳钉，可推断出,,,,,,,,,,
,,,,4,Who is Demi's best friend?,人物属性建模,Sophie,,定位到拆礼物片段，Demi说”然后是我的朋友Sophie的礼物，我最好的朋友“，可推断出,,,,,,,,,,
,,,,5,What services does Shane offer?,"多线索推理,通用知识推理",Purchase products,Shane提供购买产品的服务,"Demi提到，”如果你们想知道我的衣服从哪里来，就去我的Shane看看"",后面介绍气球时提到“还有一些来自Shane”，可推断出",,,,,,,,,,
48,https://www.youtube.com/watch?v=vqgou_fW0_g,38:10,vlog - 派对,1,What is the relationship between the blogger and Danny?,"多线索推理,人物属性建模",Engaged couple,,定位到订婚派对上的演讲，可推断出演讲者和博主订婚，结合派对后博主说”Danny在派对上做了演讲“可推断出演讲者是Danny，从而推断出二人关系,,,,,,,,,,
,,,,2,What is the habit of the blogger when she is doing fitness exercises?,人物属性建模,Listen to music with headphones,,定位到博主去健身的片段，她说自己忘了戴耳机，如果她在没有耳机的情况下在健身房进行正常锻炼的话，那将非常困难,,,,,,,,,,
,,,,3,Who is Toby?,多模态/多语言推理,A dog,,定位到博主提到Toby的片段，视觉可知Toby是一只狗,,,,,,,,,,
,,,,4,Is it suitable for dogs to eat tomatoes?,"多模态/多语言推理,通用知识推理",No,狗不适合吃番茄,定位到博主在家吃饭的片段，她对Toby说”你知道你不想要番茄汤“，视觉可知Toby是狗，可推断出,,,,,,,,,,
,,,,5,Are the soft spring rolls of Giggling Squid rolled by customers themselves or by the chefs?,"多线索推理,多模态/多语言推理,通用知识推理",By the chefs,Giggling Squid的软春卷由厨师卷好,定位到博主去Giggling Squid吃饭的片段，视觉一个厨师在为顾客卷春卷,,,,,,,,,,
49,https://www.youtube.com/watch?v=fWpH8FjQloo,23:33,访谈 - 动态（含充分视觉信息）,1,Which country is the Palmerston Fort in?,通用知识推理,England,帕默斯顿堡垒在哪个国家,根据Dan在Bob带领下参观英国德雷克岛的过程中进入了帕默斯顿堡垒可以推出,,,,,,,,,,
,,,,2,How many years have passed since the launching of the world's first armored warship up to 2025? ,通用知识推理,One hundred and sixty-six years.,世界上第一艘装甲战舰下水时间,根据Bob所说世界上第一艘装甲战舰下水是在1959年可以推出到2025年有166年历史了,,,,,,,,,,
,,,,3,What building did Bob introduce after presenting the ruins of the Adventure Training Center? ,多跳推理,Barrack room.,,模型需要先确定Bob介绍冒险训练中心的废墟时刻，然后分析判断接下来他介绍了什么建筑,,,,,,,,,,
,,,,4,What is Bob's speaking style like?,人物属性建模,It is serious and earnest.,,根据Bob在介绍过程中严肃认真的语气可以看出,,,,,,,,,,
,,,,5,What is Bob's attitude towards the historical preservation of Drake's Island?,人物属性建模,It is one of great importance and a positive attitude. ,,根据Bob明确表示自己参与了岛屿的历史、遗产保护和修复工作并强调这些工作是 “第一阶段的核心部分”，因为 “它们是真正需要保护的重要事物”可以看出,,,,,,,,,,
50,https://www.youtube.com/watch?v=mUfNMRhvWC4,39:40,教学 - 工业制造,1,Is Luke an amateur interviewer?,"多线索推理,人物属性建模",No.,,通过观看视频，从Luke的一些细节，如针对性的提问、良好的交流引导以及对生产流程的关注等方面。由此可知， Luke是一个专业的采访者，而非业余的。,,,,,,,,,,
,,,,2,What does Rocket Espresso manufacture?,通用知识推理,High-end coffee machine.,Rocket Espresso 是一家总部位于意大利米兰的高端咖啡机制造商，专注于生产手工打造的意式浓缩咖啡机。,通过观看视频，从品牌历史、设计品质、产品线、生产管理、市场定位和研发创新等多个方面的信息，由此可知， Rocket Espresso 是一家从事生产高端咖啡机的供应商。,,,,,,,,,,
,,,,3,What is Carlos's explanation style like?,人物属性建模,Detailed explanation style.,,通过观看视频，Carlos 在讲解过程中全面、细致地涵盖了公司历史、生产流程、产品特点、生产管理以及产品改进等多方面的内容。由此可知，其详细讲解型的风格。,,,,,,,,,,
,,,,4,"After Carlos showed Luke around the Ennio Berti Engineers Lab, where did they visit next?""",多跳推理,Rocket espresso showroom.,,通过观看视频，先定位到Carlos带领Luke参观 Ennio Berti Engineers Lab的片段，由此可知之后他们去参观了Rocket espresso showroom。,,,,,,,,,,
,,,,5,When did Rocket Espresso's production lines see a major increase in output?,通用知识推理,During the COVID-19 pandemic.,COVID-19 期间（2020-2022）是 Rocket Espresso 生产线产量激增的时期，主要受全球家用咖啡需求爆发推动，尤其是中国市场的贡献显著。,通过观看视频，Carlos介绍到2021 年和 2022 年是 Rocket Espresso 生产线产量激增的时期，对于公司来说是一个伟大的时期，而这一时期正好属于疫情期间，由此可知问题答案。,,,,,,,,,,
51,https://www.youtube.com/watch?v=-SoujwI5Vno,29:23,教学 - 烹饪,1,What is Michelle's cooking skill level like?,"多线索推理,人物属性建模",Amateur.,,"通过观看视频,从 Michelle 对比赛规则和食材的反应、烹饪过程中的表现以及她自身的感受等多个方面，由此可知,她的烹饪水平属于业余者。",,,,,,,,,,
,,,,2,Why is sake added in cooking?,通用知识推理,Enhance flavor.,清酒具有独特的香气和味道，能为菜肴增添一种淡雅、清新的风味，使其味道更加丰富和有层次。,"通过观看视频,Nicol说道在炒制蘑菇时说道,为了增添一些独特的风味,一般会添加一点清酒此,由此可知,之所以会在烹饪时加入清酒,是为了增加风味。",,,,,,,,,,
,,,,3,What is the relationship between Mythical and Michelle?,人物属性建模,Harmonious.,,"通过观看视频,从Michelle和mythical双方的交流方式以及最后的邀请和感谢等多个方面，由此可知, Michelle 和 Mythical 的关系是融洽的。",,,,,,,,,,
,,,,4,What did Nicol add next after putting the egg on the plate when plating? ,多跳推理,Parmesan cheese.,,"通过观看视频,Nicol在装盘时,鸡蛋放入盘中后,蛋黄不太美观,于是用帕尔马干酪来掩盖,由此可知问题答案。",,,,,,,,,,
,,,,5,What can be used to deglaze mushrooms?,通用知识推理,White wine.,白葡萄酒常用于蘑菇和其他食材的去釉，因为它的酸度可以帮助平衡油腻感，同时增添微妙的果香味。,通过观看视频，视频中mythical在烹饪蘑菇时，先加入一点盐来帮助出水，之后选择了用加入白葡萄酒来给蘑菇去釉。由此可知在给蘑菇去釉时，可以选择白葡萄酒。,,,,,,,,,,
52,https://www.youtube.com/watch?v=AwSfjaZ8T5w,39:20,vlog - 日常（综合）,1,What can be used in the vase to fix the position of the flowers?,"多模态/多语言推理,通用知识推理",Flower frog,可以在花瓶里使用花插固定花的位置,定位到博主拿花插的片段，她说“如果你把它放在花瓶底部，你就可以把花放在某个位置”，结合博主插花时的行为，可推断出,,,,,,,,,,
,,,,2,What is the relationship between the blogger and Alfie?,人物属性建模,Couple,,定位到开头博主的介绍，她说“这是每月两天只有Alfie和我的日子，没有两个女儿”，可推断出,,,,,,,,,,
,,,,3,What brand of fans does Alfie belong to?,人物属性建模,Butternut Box,,定位到博主介绍Butternut Box的片段，她说”Nala是Butternut Box的忠实粉丝，Alife和我也是“，可推断出,,,,,,,,,,
,,,,4,What method does Butternut Box employ to lock freshness?,通用知识推理,Freeze,Butternut Box通过冷冻的方式锁鲜,定位到博主介绍Butternut Box的片段，她说“Butternut Box脱颖而出的原因是使用非常高品质的新鲜食材，食物烹饪得很慢，以确保它们是最好的品质，然后将它们冷冻以保留所有的美味”，可推断出,,,,,,,,,,
,,,,5,What is the feature of the delivery service provided by Butternut Box?,通用知识推理,Delivery time can be modified,Butternut Box配送服务的特点是配送时间可修改,博主提到“你可以随时暂停或取消订阅，Butternut Box让一切变得很容易，我已经这么做过几次了，如果我们外出了或是其他原因，可以重新安排送货时间，或者更改送货日期”，可推断出,,,,,,,,,,
53,https://www.youtube.com/watch?v=NI822Lnfj5w,27:48,vlog - 园艺,1,How is the blogger's memory?,"多线索推理,人物属性建模",Bad,,博主经常记错一起乘公交出行的时间，记错下公交后步行到德语班的时间，记错上次在德语班唱的歌，可推断出,,,,,,,,,,
,,,,2,Which payment method can be used on Sunday to purchase the flowers of BLUEMEHUUSLI?,"多线索推理,多模态/多语言推理,通用知识推理",Cash payment,周日只能通过现金支付的方式购买BLUEMEHUUSLI的鲜花,视觉定位到BLUEMEHUUSLI门店出现的片段，结合之前片段可知博主在瑞士，Christine提到“这家商店关门了，因为今天是周日，但是你仍然可以买些花，你可以把现金留在这里”，可推断出,,,,,,,,,,
,,,,3,What products does Dehner sell?,"多模态/多语言推理,通用知识推理",Gardening products,Dehner售卖园艺产品,视觉定位到博主去Dehner的片段，Christine说这是一个花园中心，博主提到你可以在这里买到花园里的所有东西,,,,,,,,,,
,,,,4,What kind of flowers does Christine like?,"多线索推理,人物属性建模,多模态/多语言推理",Orchid,,定位到博主购买园艺产品的片段，结合之前旅游乘车的视频可确认Christine的身份，视觉可知，说“我喜欢这些兰花”的人是Christine，从而得到答案,,,,,,,,,,
,,,,5,What did Christine do before having the barbecue?,"多跳推理,多模态/多语言推理",Prayer,,视听结合确认Christine的身份，定位到吃烧烤的片段，追踪行为可得到答案,,,,,,,,,,
54,https://www.youtube.com/watch?v=3na690b_EXk,26:56,vlog - 园艺,1,How is Colleen's experience in gardening?,"多线索推理,人物属性建模,多模态/多语言推理",Very rich,,定位到视频开头视听结合确认Colleen身份，Colleen能随口说出一些多年生植物的名字，并已种植花卉多年，可推断出,,,,,,,,,,
,,,,2,Which color of light can promote the growth of plants?,"多模态/多语言推理,通用知识推理",Purple,紫色的光能促进植物生长,定位到Colleen介绍植物生长灯的片段，她说这些灯都是生长灯泡，视觉可知这些生长灯泡都发出紫色的光,,,,,,,,,,
,,,,3,Where should the newly sprouted flowers be watered?,"多模态/多语言推理,通用知识推理",Root,对于刚发芽的花卉应该从根部浇水,定位到Colleen在洗衣房给花卉浇水的片段，Colleen提到自己学会的一件事是种子喜欢从底部浇水，这样它会通过根部吸收水分，视觉可知Colleen说的种子指的是刚发芽的花卉,,,,,,,,,,
,,,,4,"According to Colleen's usual practice, if she is to complete a difficult project, what will she do to encourage herself?",人物属性建模,Buy some flowers and place them on the table,,定位到Colleen计算切花花园成本的片段，她提到这些钱还没有她夏天在鲜花上花的多，她喜欢鲜花，她的工作是经常买花的，如果她要做一个大项目，她喜欢在桌子上摆放鲜花之类的，她会通过买花奖励自己做大项目，可推断出,,,,,,,,,,
,,,,5,Can one purchase live plants from the United States across the border in Canada?,通用知识推理,No,加拿大不能跨境购买美国活的植物,定位到Colleen介绍自己订购种子的片段，她说她在加拿大居住，种子可以从美国订购，但是对于球茎、块茎、或者任何活的植物你不能跨境订购，可推断出,,,,,,,,,,
55,https://www.youtube.com/watch?v=eHcUs_rB7mw,25:19,vlog - 园艺,1,Is it common for there to be black iris patterns on the surface of glass?,通用知识推理,No,玻璃上的黑色虹膜是不常见的,定位到博主取彩色玻璃的片段，她很激动地说“b看看这个，玻璃上有黑色的鸢尾花，我很高兴，我不敢相信它上面有黑色的虹膜，我知道这真的很酷”，并且后面又强调一次它上面有黑色虹膜，可推断出,,,,,,,,,,
,,,,2,What is the blogger's occupation?,人物属性建模,Writer,,开头介绍时博主提到自己给自己的新书写了很多东西，可推断出,,,,,,,,,,
,,,,3,What does Matthew excel at?,"多线索推理,人物属性建模",Gardening,,视频片段可知，Matthew有自己的花园，种植了多种不同的植物，还向博主传授园艺经验，可推断出,,,,,,,,,,
,,,,4,What kind of plants are suitable for the heavy clay soil?,通用知识推理,Small plants,黏重的土壤适合种小植物,介绍自己的花园时Matthew说“我的土壤很黏，所以我喜欢种小植物，这样我就不用挖一个大洞，冒着积水的风险”,,,,,,,,,,
,,,,5,"Classified by survival time, what kind of plant is kale?",通用知识推理,Perennial plants,羽衣甘蓝是多年生植物,定位到Matthew介绍自己的菜园的片段，他说他至少两年前种植的这些羽衣甘蓝，但是之后他就没种了，它们每年都会长出来，可推断出,,,,,,,,,,
56,https://www.youtube.com/watch?v=_BXm6dTHvY0,26:23,教学 - 科技,1,What is Julia's main job at Wing company?,"多线索推理,人物属性建模", It's to design large-sized drones.,,视频中基于公司CEO的表述Julia主导了部分更大尺寸无人机的设计工作，主要负责设计如何使得无人机可以运输大量货物，由此可推断她是从事大型无人机设计工作。,,,,,,,,,,
,,,,2,In which field does Adam Woodworth have expertise?,人物属性建模,Aircraft manufacturing.,,视频中XX在讲述他考虑如何设计无人机时，他完全按照过去他设计飞机的思路来制作发现时不合适的，由此可推出他在飞机制造领域是非常有经验的。,,,,,,,,,,
,,,,3,Where did Adam visit before he visited the wind tunnel of Wings company?,多跳推理,Wings workshop.,,视频中Adam在与Julia喝CEO在公司车间进行技术采访，后续与Julia去到公司专门制造的风洞测试位置进行了解，由此可推断。,,,,,,,,,,
,,,,4,What is the cross-sectional size of the test wind tunnel self-built by the Wings company?,通用知识推理,2m X 2m.,视频中Julia介绍公司自建的风洞测试是2T×2T的截面大小。,视频中Julia介绍公司自建的风洞测试是2T×2T的截面大小，T搜索表示这个单位一般表示成米，由此可知。,,,,,,,,,,
,,,,5,Do people care more about flying noise than hovering noise regarding drone noise?,通用知识推理,Flying noise.,最初公司认为人们会更关注悬停时的噪音，但实际发现飞行时的噪音更受关注。,最初公司认为人们会更关注悬停时的噪音，但实际发现飞行时的噪音更受关注。,,,,,,,,,,
57,https://www.youtube.com/watch?v=e1VKbjRozb0,24:01,测评 - 食品,1,What are the main dishes of Buen Onda?,通用知识推理,Empanadas.,是一家阿根廷餐厅，专门做馅饼，还配有一份奇米奇里土豆。我们这里有四种不同的馅饼，有肉馅的，有洋葱馅的，有菠菜馅的，还有胡萝卜馅。由,视频中Joseph介绍Buen Onda是一家阿根廷餐厅，专门做馅饼，还配有一份奇米奇里土豆。我们这里有四种不同的馅饼，有肉馅的，有洋葱馅的，有菠菜馅的，还有胡萝卜馅。由此可推断。,,,,,,,,,,
,,,,2,Is Buen Onda a pet-friendly restaurant?,通用知识推理,Yes.,视频中Gabby带狗狗Nelly到Buen Onda进餐，餐厅是允许狗狗一同进入的，而且餐厅服务人员为狗狗Nelly单独准配了一碗水。,视频中Gabby带狗狗Nelly到Buen Onda进餐，餐厅是允许狗狗一同进入的，而且餐厅服务人员为狗狗Nelly单独准配了一碗水，由此可推断该餐厅是宠物友好型餐厅。,,,,,,,,,,
,,,,3,What flavor of donuts dose Joseph like best?,人物属性建模,Strawberry-flavored donuts.,,视频中Joseph在品鉴Hook and Press店铺甜甜圈时，他表示他特意购买了草莓甜甜圈，因为这是他把本人最喜欢的甜甜圈口味，由此可得出。,,,,,,,,,,
,,,,4,What kind of biscuits dose Gabby like best?,人物属性建模,Butter biscuits.,,视频中Gabby表示她自己经常品鉴饼干，在尝试Hook and Press店铺酱油饼干甜品，她表示这个黄油饼干是她品尝的所有饼干中最好吃的饼干，由此可推断。,,,,,,,,,,
,,,,5,How many food and beverage stores did Gabby and Joseph evaluate in total in Santa Barbara? ,多线索推理,Six.,,Gaddby和Joseph一共测评了Dune Coffee Roaster、Hook and Press、Buen Onda、Takaria Launa、Kah Coffee Roasters、Santa Barbara Shellfish Company共六家餐厅，由此推出答案。,,,,,,,,,,
58,https://www.youtube.com/watch?v=yxTqkOHsDiU,24:56,测评 - 食品,1,What is the special dessert of Brew te Cafe?,通用知识推理,Bing Su.,Gabby and Joseph来到了位于埃尔克格罗夫地区的Brew Te Cafe，他们尝试这里一款非常特别的甜点Bing Su 是一种韩国刨冰甜点，由此可知该店铺的特色。,视频中 Gabby and Joseph来到了位于埃尔克格罗夫地区的Brew Te Cafe，他们尝试这里一款非常特别的甜点Bing Su 是一种韩国刨冰甜点，但他们不用水，而是用牛奶，所以会更加顺滑。,,,,,,,,,,
,,,,2,What cuisine of restaurant is Happy Takeout? ,通用知识推理, It is a Chinese cuisine restaurant.,去到奥克公园Happy Takeout快餐店，他们介绍这是萨克拉门托品尝中餐的好地方，有混沌、酸辣汤等，主打中式餐饮,去到奥克公园Happy Takeout快餐店，他们介绍这是萨克拉门托品尝中餐的好地方，有混沌、酸辣汤等，主打中式餐饮。由此可推断餐厅类型。,,,,,,,,,,
,,,,3,What is Wind's occupation?,人物属性建模,A sushi restaurant owner.,,基于视频中Gabby和Joseph的介绍Wind是 Wind Sushi box and Catering 寿司店的老板。,,,,,,,,,,
,,,,4,"What is the relationship between Wing and Gabby, Joseph?",人物属性建模,They are friends.,,Gabby和Joseph表示Wind Sushi box and Catering是他们一个好朋友Wing开设的，总是要支持自己的朋友，所以去测评了该寿司餐厅。,,,,,,,,,,
,,,,5,How many restaurants did Gabby and Joseph review in total in Sacramento?,多线索推理,Four.,,视频中Gabby和Joseph测评了Mahar Roba Japanese bickery、Brew te Cafe、Happy Takeout、Wind Sushi box and Catering共四家。,,,,,,,,,,
59,https://www.youtube.com/watch?v=ow9doYQRgv8,20:00,vlog - 日常（综合）,1,What is the Conservatory of Flowers mainly made of? ,"多线索推理,通用知识推理",Glass.,视频中Gabby参观该花园温室时，基于视频画面可知温室周围都是玻璃的，后续视频展示的房顶也是玻璃的，,视频中Gabby参观该花园温室时，基于视频画面可知温室周围都是玻璃的，后续视频展示的房顶也是玻璃的，由此可推断得出。,,,,,,,,,,
,,,,2,What are the busiess hours of Schlok's?,通用知识推理,From 7:30 a.m. to 1:00 p.m., Schlok's店的营业时间时早上7点到下午1点,视频中Gabby介绍  Schlok's店每天早上现做，他的营业时间时早上7点到下午1点，所以如果想买要尽快去。由此可推断。,,,,,,,,,,
,,,,3,What kind of drinks does Joseph usually have?,人物属性建模," Water, juice and Coke Zero.",,在品尝Boba Guys 店奶茶时，Gabby表示Joseph通常不喝奶茶，更多是喝水、果汁或者无糖可乐作为饮料，由此可知。,,,,,,,,,,
,,,,4,Does Joseph prefer smoked salmon or raw salmon?,人物属性建模, He prefers raw salmon.,,Joseph在品尝 Schlux 百吉饼时讲述他不喜欢烟熏三文鱼，幸好这个百吉饼中时生三文鱼尽管肉的颜色有点深。由此可推出。,,,,,,,,,,
,,,,5,Which restaurant did Gabby and Joseph go to before they went to Be Patisserie to taste the desserts? ,多跳推理,The Bird.,,在视频中Gabby和Joseph他们先去到The Bird吃午餐，再去到Be Patisserie品尝甜点，由此可推出答案。,,,,,,,,,,
60,https://www.youtube.com/watch?v=1NviSjTceSQ,29:59,测评 - 展会,1,Where is the Consumer Electronics Show (CES) held?,通用知识推理,"Las Vegas, the United States",CES（国际消费类电子产品展览会）在美国拉斯维加斯举办。,根据视频内容知道CES（国际消费类电子产品展览会）主要在美国拉斯维加斯举办。,,,,,,,,,,
,,,,2,What kind of animated cartoons does Joe Faser like?,人物属性建模,He likes Yu-Gi-Oh!,,Joe Faser 喜欢《游戏王》（Yu-Gi-Oh! ），因为视频中提到他设计了具有《游戏王》主题的电脑，由此可推断他喜欢《游戏王》这部动画片。,,,,,,,,,,
,,,,3,How is the 3D holographic display technology of Hypervision Technology achieved?,通用知识推理,By taking advantage of the persistence of human eye vision.,超视界科技（Hypervision Technology）的 3D 全息显示技术是通过利用人眼的视觉暂留特性实现的。,通过总结超视界科技员工介绍产品的信息总结而来,,,,,,,,,,
,,,,4,What is Spike's attitude towards gambling?,"多线索推理,人物属性建模",Positive,,当博主提出要进行小额赌博，每人投入 20 美元时，Spike 没有犹豫就参与了。在赌博过程中，他尝试不同的赌注金额，表现出愿意冒险尝试的态度。而且当他运气较好，赢得 44 美元的时候，也没有要停止的意思，在这次经历中比较享受赌博带来的运气成分和刺激感。,,,,,,,,,,
,,,,5, What did the blogger visit after visiting the Call of Duty? ,多跳推理,The booth of Hypervision Technology.,,模型需要定位到介绍Call of Duty的画面，分析之后画面知道博主之后去参观了Hypervision Technology的展台,,,,,,,,,,
61,https://www.youtube.com/watch?v=nSKtlFyzbAg,20:17,vlog - 日常（综合）,1,How does Dennis treat others?,人物属性建模,Enthusiastic.,,视频中Dennis热情地与Wayne进行交流，并且主动邀请Wayne进入他的房子进行参观。,,,,,,,,,,
,,,,2,What was the land price like in the areas around Lake Toba on Sumatra Island in 2008?,"多模态/多语言推理,通用知识推理", It was cheap.,苏门答腊岛Lake Toba地区2008年的土地售价情况,视频中Dennis提到他花费了3000英镑买下了这片土地，并且通过画面展示的土地的范围Dennis在这片地上建造了房屋，可以观察到Dennis建造的房屋的面积很大。,,,,,,,,,,
,,,,3,Where did Dennis live before he moved to Toba?,多线索推理, He lived in the UK.,,视频中作者提问到Dennis有没有再返回过英国，并且问到Dennis退休前的工作时，Dennis提到自己在英国担任了40年的驾驶教练，并且他的儿子也提及到了自己以前在英国的生活。,,,,,,,,,,
,,,,4,What did Dennis do before he retired?,"多线索推理,人物属性建模",He was a driving instructor.,,视频中Dennis提到自己在英国从事了近40年的驾驶教练，退休后来到这里。,,,,,,,,,,
,,,,5,Where is the Batak ethnic culture mainly located? ,通用知识推理,On the island of Sumatra.,关于巴塔克文化的主要源地,视频中作者位于苏门答腊岛，通过观察作者与肖恩对于文化的交流内容可以得出结论。,,,,,,,,,,
62,https://www.youtube.com/watch?v=mh3Ap5B146k,28:10,访谈 - 静态（对话密集型，少量视觉信息）,1,In which year was the Cutty Sark launched?,通用知识推理,1869,卡蒂萨克号下水时间,根据Max在1870年左右蒸汽船占英国商船队的20%，这也是卡蒂萨克号下水一年后可知卡蒂萨克号下水在1869年下水,,,,,,,,,,
,,,,2,How many years was the Cutty Sark used as a commercial transport ship in the UK since it first set sail? ,通用知识推理,Twenty-six years.,卡蒂萨克号作为商业运输船在英国使用了多少年,根据Zach说卡蒂萨克号1895年被卖给葡萄牙造船公司，虽然后来被买回但已经不再用来商业运输可知卡蒂萨克号商业运输船在英国使用了26年,,,,,,,,,,
,,,,3,"After Max introduced the Tea Races, what trade in which place did Zach introduce about the UK? ",多跳推理,China,,模型需要先定位到Max介绍Tea Races的时刻然后分析Zach接下来介绍了英国在哪里的贸易,,,,,,,,,,
,,,,4,What is Max's attitude towards the Opium War?,人物属性建模,Max holds a critical attitude towards the Opium War.,,从Max认为鸦片战争是非法的，是西方霸权的体现可以看出他对鸦片战争持批判态度,,,,,,,,,,
,,,,5,What is Zach's speaking style like?,人物属性建模,His speaking style is rigorous and steady.,,根据Zach在介绍相关历史时准确无误以及介绍时的语气可以看出他的说话风格是严谨沉稳的,,,,,,,,,,
63,https://www.youtube.com/watch?v=QKqbHqor1tE,23:58,vlog - 园艺,1,What unique advantage does coconut coir mulch offer for mushroom blocks?,通用知识推理,"Reduces contamination, enhances air and moisture balance.",椰子壳覆盖物对蘑菇块有何独特优势,根据Louis所说椰子壳覆盖物里都是碳没有太多可以造成污染的营养物质以及椰子壳有很多孔隙度供空气流通可以推出,,,,,,,,,,
,,,,2,Is the Popino mushroom edible or poisonous?,通用知识推理,The Popino mushroom is edible.,皮皮诺菇是否可以食用,根据Louis介绍了他带来的几种蘑菇包括皮皮诺菇在内，Jacques说除了杏仁蘑菇他都吃过可以推出,,,,,,,,,,
,,,,3,"After introducing how to grow Wine Cap mushrooms, which kind of mushrooms did Louis and Jacques plant? ",多跳推理,Almond gargicus.,,模型需要先定位到Louis和Jacques介绍如何种植酒帽菇的时候然后分析他们接下来种了什么蘑菇,,,,,,,,,,
,,,,4,What is Louis's speaking style like?,人物属性建模,It is humorous.,,根据Louis在介绍如何种植蘑菇时喜欢开一些玩笑可以看出他说话的风格是幽默风趣的,,,,,,,,,,
,,,,5,How about Jacques' gardening skills?,"多线索推理,人物属性建模",He has a very high level of gardening skills.,,根据Jacques的菜园里井井有条各种蔬菜都有并且长得很好可以看出他的园艺水平很高,,,,,,,,,,
64,https://www.youtube.com/watch?v=SGRan0Amp8s,32:10,访谈 - 动态（含充分视觉信息）,1,What is the function of Hydrawise?,通用知识推理,Hydrawise is a software for the irrigation control system., Hydrawise的作用,根据Steve所说它可以在手机上通过Hydrawise调节滴灌装置可以得出Hydrawise是一款灌溉控制系统的软件,,,,,,,,,,
,,,,2,Which country does Jersey tomato come from?,通用知识推理,America,泽西番茄的产地,根据Steve说泽西番茄是本地番茄品种而且他的农场在美国可以推出,,,,,,,,,,
,,,,3,"After Steve introduced his tree planting machine, where did he take Jonathan to visit? ",多跳推理,Apple orchard.,,模型需要先定位到Steve介绍他的植树机的时刻然后分析判断接下来他带Jonathan去了哪里参观,,,,,,,,,,
,,,,4,What is Steve's speaking style like?,人物属性建模,It is humorous.,,根据Steve在带领Jonathan参观农场时经常和他开玩笑可以看出,,,,,,,,,,
,,,,5,What about Steve's management ability?,人物属性建模,His management ability is excellent.,,根据参观过程中Steve对农场各个部分都了如指掌并且农场看起来井井有条可以看出他的管理能力很优秀,,,,,,,,,,
65,https://www.youtube.com/watch?v=GLnI-M5KIkw,28:53,纪录片 - 自然,1,How many dams were there on the main channel of the Klamath River in 2021? ,通用知识推理,Six,2021年克拉马斯河上主河道上水坝数量,根据视频内容可知政府2022年决定拆除四座大坝并且根据拆除后还有两座大坝可以得出拆除前一共六座水坝,,,,,,,,,,
,,,,2,Which country is Ishi Pishi Falls located in?,通用知识推理,America,伊希皮希瀑布位于哪个国家,根据Mark所说鲑鱼洄游需要经过克拉马斯河和伊希皮希瀑布可知伊希皮希瀑布也在美国境内,,,,,,,,,,
,,,,3,What did Jeff do after he saw the dam being removed?,多跳推理,He sang in the Klamath language.,,模型首先需要定位到Jeff看到水坝被炸毁的时刻然后判断分析他接下来做了什么,,,,,,,,,,
,,,,4,What is Charlie's attitude towards the removal of the four dams on the Klamath River? ,人物属性建模,She is in full favor of it.,,根据Charlie得知水坝要拆除时开心的表情可以看出她是十分赞同的,,,,,,,,,,
,,,,5,How is Ron's fishing technique?,人物属性建模,He has excellent fishing skills.,,根据Ron的熟练的捕鱼动作以及丰富的经验可以看出他的捕鱼技术很优秀,,,,,,,,,,
66,https://www.youtube.com/watch?v=7ALeNj7cp_s,25:40,纪录片 - 自然,1,Which country is the Kings River located in?,通用知识推理,America,国王河的位置,根据Maiya回到加利福尼亚州的中央谷地后见到了国王河可以推出这条河流在美国,,,,,,,,,,
,,,,2,How does digital twin technology reduce greenhouse gas emissions in farming?,通用知识推理,Precisely applying fertilizer based on crop needs.,数字孪生技术如何减少农业中的温室气体排放,根据Maiya说的肥料是温室气体的巨大来源以及Bruno说数字孪生技术利用无人机精准施肥，减少化肥浪费和排放可以推出,,,,,,,,,,
,,,,3,Where did Maiya go after learning about the digital twin technology?,多跳推理,Caywood farms.,,模型需要先定位到Maiya了解数字孪生技术的时候然后分析判断她接下来去了哪里,,,,,,,,,,
,,,,4,How is Bill's airplane piloting skill?,人物属性建模,He has excellent airplane piloting skills.,,根据Bill多年的驾驶经验以及7000小时的飞行时长可以看出,,,,,,,,,,
,,,,5,What is Maiya's speaking style like?,人物属性建模,Maiya's speaking style is lively.,,根据Maiya和别人谈话时生动的表情、语气可以看出,,,,,,,,,,
67,https://www.youtube.com/watch?v=TkNBJOIJZe4,25:40,访谈 - 静态（对话密集型，少量视觉信息）,1,Where is the storage warehouse for the remains of the victims of the September 11th attacks located? ,通用知识推理,The Site of the World Trade Center in New York.,9・11 遇难遗骸存放仓库位置,根据Nicole在纽约世贸中心遗址遇到Gordon后参观的途中经过9・11 遇难遗骸存放仓库可得出,,,,,,,,,,
,,,,2,What is the cooling principle of a low - temperature grinder?,通用知识推理,Add liquid nitrogen to the machine.,低温研磨机冷却的原理,根据Mark展示低温研磨机时可以看到有助手向里面添加液氮可以看出,,,,,,,,,,
,,,,3,Where did Gordon go after he checked Andrea's belongings?,多跳推理,The Family Reflection Room.,,模型首先要定位到Gordon查看Andrea遗物的时刻然后分析判断他接下来去了哪里,,,,,,,,,,
,,,,4,What is Nicole's speaking style like?,人物属性建模,His speaking style is earnest and calm.,,根据Nicole在和遇难者家属以及法医交谈时认真平和的语气可以看出,,,,,,,,,,
,,,,5,What is Gordon's attitude towards the September 11th Incident? ,人物属性建模,His attitude towards the September 11th Incident is solemn. ,,根据Gordon对遇难女儿的缅怀可以看出对于9·11事件他的态度是沉重的,,,,,,,,,,
68,https://www.youtube.com/watch?v=lGWxiAjgyCY,26:16,纪录片 - 自然,1,Which country is the Huser Plateau located in?,通用知识推理,Turkey,胡塞高原的位置,根据Mustafa训鹰时对他的鹰说这是胡塞高原以及他所处的位置在土耳其可以推出,,,,,,,,,,
,,,,2,Where do the traditional Laz people who live in Turkey live in summer? ,通用知识推理,Mountain area.,传统拉兹人的生活习惯,根据Mustafa所说拉兹人会在海边度过冬天然后在春天冰雪消融时回到山区可以得出,,,,,,,,,,
,,,,3,Who installed the beehive on the tree after Mustafa brought back the beehive he had customized? ,多跳推理,Mustafa ,,模型需要先定位到Mustafa带回他定制的蜂箱的时刻然后分析判断是谁在树上安装了蜂箱,,,,,,,,,,
,,,,4,How about Mustafa's beekeeping technique?,人物属性建模,His beekeeping technique is excellent.,,根据Mustafa养蜂数量之多以及对于采蜂蜜过程的熟悉可以看出,,,,,,,,,,
,,,,5,What is Osman's speaking style like?,人物属性建模,It is confident.,,从Osman说自己制作蜂箱的技术无人能比可以看出,,,,,,,,,,
69,https://www.youtube.com/watch?v=s8HnBxB7FA0,24:01,vlog - 运动,1,Where are sheepshead fish mainly distributed in the United States?,通用知识推理,In the southeastern coastal areas.,羊头鱼在美国的分布,视频中作者前往佛罗里达州钓鱼，通过羊头鱼的习性，以及生活在这里的沿海地区，可以得知。,,,,,,,,,,
,,,,2,What's the degree of difficulty in catching a sheepshead fish?,通用知识推理, It is relatively difficult.,羊头鱼具有坚硬的牙齿和谨慎的习性,视频中作者提到在网上很多人晒出自己捕捉到羊头鱼的图片，所以他也想去挑战一下，并且提到羊头鱼不好上钩，很容易偷走鱼饵，作者也失败了很多次。,,,,,,,,,,
,,,,3,What is the relationship between Travis and the author?,"多线索推理,人物属性建模",They are friends.,,作者由于第一次钓羊头鱼，请来了Travis 来帮忙，再通过两人的交流，可以得出结论。,,,,,,,,,,
,,,,4,What was the result of the author's fishing at the first location?,多线索推理,It was bad.,,首通过视频可以了解到作者先后在两处地点钓鱼，在第一处地点钓鱼时，很多次鱼都跑掉了，结果并不好。,,,,,,,,,,
,,,,5,What is the author's attitude towards fishing?,人物属性建模, The author is fond of it.,,视频中作者积极向有经验的人请教钓羊头鱼的技巧，经历过失败后也没有气馁，学会方法之后花费了很长时间进行钓鱼。,,,,,,,,,,
70,https://www.youtube.com/watch?v=Y5hetUv7tKE,28:16,vlog - 园艺,1,What kind of product is AG1?,"多模态/多语言推理,通用知识推理",Dietary nutrition replenishment beverage,AG1是一款膳食营养补给饮品,定位到博主介绍AG1的片段，”AG1是一种方便的混合物，包含70多种维生素、矿物质和其他成分”，视觉结合博主冲泡AG1的行为可得出答案,,,,,,,,,,
,,,,2,Which facial expression on the emoticon book does Novi like best?,"人物属性建模,多模态/多语言推理",Expression of surprise,,定位到Novi看关于面部表情的书的片段，博主在Novi身后翻看表情书的时候说“让我们找到你最喜欢的一个”，视觉可知书上展示的是一个惊讶的表情，并且Novi还模仿了这个表情，可推断出,,,,,,,,,,
,,,,3,What is the relationship between Zoe and Novi?,"多线索推理,人物属性建模,多模态/多语言推理",Mother and daughter,,视听结合确认Zoe和Novi的身份，定位到二人相处的片段可推断出,,,,,,,,,,
,,,,4,"When building a vegetable bed, what is the use of the sealing glue for the car windows?",通用知识推理,Cover the sharper edges of the vegetable bed,建造蔬菜床时可以用汽车窗密封胶覆盖蔬菜床较锋利的边缘,定位到博主建造蔬菜床的片段，博主提到“这是一种用于汽车的窗户密封胶，因为我觉得像这样的蔬菜床的边缘有点薄，女孩们趴在上面会不舒服”，可推断出,,,,,,,,,,
,,,,5,What did the blogger do after covering the ground with plastic film?,"多线索推理,多跳推理",Take care of Novi,,定位到博主覆地膜的片段，跟踪行为可得到答案,,,,,,,,,,
71,https://www.youtube.com/watch?v=psGTvN6N3Zw,23:56,vlog - 园艺,1,What is the function of landscape fabric?,通用知识推理,Prevent the growth of weeds,景观布可以抑制杂草的生长,视频开头博主提到“我需要准备一些景观布，希望能阻止杂草迅速冒出来”，可推断出,,,,,,,,,,
,,,,2,How to scarify the seeds of Lupinus albus,通用知识推理,Use sandpaper to sand down,可以用砂纸对羽扇豆种子进行破皮处理,博主提到“我正在做一个叫做破皮处理的过程，但是我是第一次这样做，我是为了我的羽扇豆种子而做的...我是用砂纸做的”，可推断出,,,,,,,,,,
,,,,3,What does the blogger care about when planting plants?,人物属性建模,The amount of work required for cultivation,,定位到介绍羽扇豆种子的片段，博主说“羽扇豆在我住的地方是多年生植物，我喜欢我的多年生植物，对我来说工作更少，我只是把它们种在地里，它们每年都会回来”，可推断出,,,,,,,,,,
,,,,4,What did the blogger eat after planting some of the bulbs in containers?,多跳推理,Salad,,定位到博主把球茎种在容器中的片段，跟踪行为可得到答案,,,,,,,,,,
,,,,5,What is the relationship between the blogger and Spencer?,"多线索推理,人物属性建模",Couple,,通过视频片段可知二人居住在一起，一起养了只狗，Spencer还为博主剪辑视频，且二人在视频结尾举止亲密，可推断出,,,,,,,,,,
72,https://www.youtube.com/watch?v=JFVstZqOUKw,21:09,vlog - 特殊事件,1,In what aspects is Douglas wood usually applied?,通用知识推理, In the construction of houses and furniture.,道格拉斯木材在建筑中非常适用,视频中管理人提到他们这里建造房屋的木材是道格拉斯木材，他评价道这是非常好的木材，吸水性强并且能使用很长时间。,,,,,,,,,,
,,,,2,How about the construction cost of the houses produced by the factory?,多线索推理,The construction cost is relatively low.,,视频中可以看到工厂所生产的房屋个体较小，并且使用的木头是较便宜的，其中负责人还提到使用的门窗都是可回收的。,,,,,,,,,,
,,,,3,What is Simon's job?,人物属性建模, Bicycle repair.,,视频中负责人提到Simon在这里有一家自行车修理店，并且会开车出去给人修理自行车。,,,,,,,,,,
,,,,4,What sport does Pala like?,人物属性建模,Rock climbing.,,视频中接受采访的人提到他们一起经营一家Guusa的公司，因为Pala他自己的爱好，所以他自己出钱在里面建立了一个攀岩馆。,,,,,,,,,,
,,,,5,What is the main impact of applying silica to the wall on the wall's waterproof performance?,通用知识推理,The waterproof performance is enhanced.,二氧化硅可以在墙壁表面形成一层连续的保护膜,视频中负责人展示了他们在建造房屋时在墙壁上涂抹二氧化硅的步骤，提到这会让墙壁变硬，并且能将水隔绝在外。,,,,,,,,,,
73,https://www.youtube.com/watch?v=oFFdtWnZ5Jk,25:37,教学 - 烹饪,1,What is the hottest chili pepper certified by Guinness World Records in 2023?,"多模态/多语言推理,通用知识推理",Pepper X,2023年吉尼斯世界纪录认证的世界上最辣的辣椒是辣椒X,视频开头Esther Choi讲述规则时提到失败者要吃辣椒X，世界上最辣的辣椒，同时视觉可得到辣椒X作为世界上最辣的辣椒的吉尼斯世界纪录认证证书,,,,,,,,,,
,,,,2,Is Sean good at cooking?,"多线索推理,人物属性建模,多模态/多语言推理",No,,视听结合确认Sean身份，Sean提到“我其实非常害怕，参加你的节目我很紧张，我根本不做任何菜”，结合视频其他片段，Sean不会开煤气灶，烤鸡胸肉时弄的整个房间都是辣椒味,,,,,,,,,,
,,,,3,What kind of food does Esther like?,人物属性建模,Spicy,,定位到Esther评价Sean和Nick的主菜的片段，说她说她想要更多的辣，她在辣度方面期待有点高，评价Nick的菜品时说认为它可以更辣一点，可推断出,,,,,,,,,,
,,,,4,What does Nick do well?,"多线索推理,人物属性建模",Cooking,,结合视频片段可知，Nick在烹饪时游刃有余，做出的成品与预期一致，还向Sean传授烹饪经验,,,,,,,,,,
,,,,5,"Who is the host of the show ""Hot Ones""?","多模态/多语言推理,通用知识推理",Sean,Hot Ones的主持人是Sean,定位到视频结尾，Sean说他主持一款名为Hot Ones的节目，结合之前片段可以得到Sean的名字,,,,,,,,,,
74,https://www.youtube.com/watch?v=xNRbhl1Eh_4,22:51,教学 - 烹饪,1,What needs to be done before using a wok?,通用知识推理,Season the work,使用炒锅前需要给炒锅调味,定位到Gabi使用砂锅的片段，Esther说在使用炒锅烹饪前，必须先给炒锅调味,,,,,,,,,,
,,,,2,What is the purpose of seasoning a wok?,通用知识推理,Prevent sticking of the work,给炒锅调味的作用是防止粘锅, 定位到Gabi给炒锅调味的片段，Esther说”不要跳过这一步（指给炒锅调味），我遇到好多次人们试图使用炒锅，她们问我为什么东西都黏住了，因为你没有给炒锅调味“，可推断出,,,,,,,,,,
,,,,3,Does Gabi have any experience in handling king crabs?,人物属性建模,No,,定位到Gabi和Esther换食材的片段，Gabi在处理帝王蟹时请求了好友Ross的帮忙，可推断出,,,,,,,,,,
,,,,4,What is the characteristic of Esther's cooking?,"多线索推理,人物属性建模,多模态/多语言推理",Make full use of everything,,结合Esther做饭的片段，Esther使用了虾的所有部位，使用虾头炸完油后用虾头做了虾酱，使用虾皮煮汤时还用上了大蒜皮，使用鸡蛋时将蛋清蛋黄分开使用，可推断出,,,,,,,,,,
,,,,5,What did Esther do after making the shrimp paste?,"多跳推理,多模态/多语言推理",Fried garlic chips,,视听结合确认Esther身份，定位到Esther做虾酱的片段，跟踪行为可得到答案,,,,,,,,,,
75,https://www.youtube.com/watch?v=Cch4mayoNgg,23:52,测评 - 食品,1,What convenient ways are there to receive treatment on BetterHelp?,通用知识推理,Through video calls and sending messages.,视频博主介绍在betterhelp治疗可以更加灵活接受治疗，可以通过视频通话甚至仅仅发送消息的方式进行。,视频博主介绍在betterhelp治疗可以更加灵活接受治疗，可以通过视频通话甚至仅仅发送消息的方式进行，由此可推断。,,,,,,,,,,
,,,,2,What kind of fuel is used for baking Khobz bread? ,通用知识推理,Cedarwood., Khobz 面包，用小麦粉、酵母和盐水制作，以雪松为燃料，带有独特风味。,视频博主体验有 17 世纪历史的公共烤箱制作的 Khobz 面包，用小麦粉、酵母和盐水制作，以雪松为燃料，带有独特风味。由此可知,,,,,,,,,,
,,,,3,What is Fatima's occupation?,人物属性建模,Tour guide.,,视频中博主对法蒂玛今的加入表示衷心的感谢。她是菲斯（Fez）这里的导游，实际上你可以在她的网站上预订自己的旅行团，网站是Fab Fez Tours。由此可推断。,,,,,,,,,,
,,,,4,What is Keam's occupation?,人物属性建模,A bird vendor.,,"视频博主和他的朋友Keam在一起，并介绍Keam是鸟类专家，一个鸟类商人。他有几种不同类型的鸟,有很多不同的鸡可以选择。由此可推断得出。",,,,,,,,,,
,,,,5,How many delicious dishes were evaluated in the video? ,多线索推理,Five.,,视频中博主测评了Khobz 面包、塔吉锅、古斯米、鸽子派、鸡肉里法萨（Chicken Rfissa）共5道美食。,,,,,,,,,,
76,https://www.youtube.com/watch?v=0bJV_IK_MPA,25:44,测评 - 食品,1,What fresh ingredients does the POSEiDON restaurant offer?,"多线索推理,通用知识推理",Seafood.,视频中基于画面可知博主来到POSEiDOM餐厅，画面展示该餐厅的水产展示柜中有许多海鲜，龙虾、与等非常丰富。,视频中基于画面可知博主来到POSEiDOM餐厅，画面展示该餐厅的水产展示柜中有许多海鲜，龙虾、与等非常丰富。由此可知。,,,,,,,,,,
,,,,2,How many types of slipper lobsters are there? ,通用知识推理,Two types.,视频中博主介绍拖鞋龙虾主要分为两种，从体型和颜色上可明显区分，小的扁平，像被卡车压过，有扁平触角用于伪装，每只 1.5 美元；大的（红拖鞋龙虾）煮后放在烤架上继续制作 。,视频中博主介绍拖鞋龙虾主要分为两种，他并没有说出学名，但是从体型和颜色上可明显区分，小的扁平，像被卡车压过，有扁平触角用于伪装，每只 1.5 美元；大的（红拖鞋龙虾）煮后放在烤架上继续制作 。,,,,,,,,,,
,,,,3,What is Nikki's occupation? ,人物属性建模,The owner and head chef of the restaurant KÂU BA.,,基于视频中博主对Nikki的介绍，她是餐厅 KÂU BA的老板兼主厨，由此可知。,,,,,,,,,,
,,,,4,Which lobster does the video blogger Will Sonbuchner like the most? ,人物属性建模,The Ornate Spiny Lobster.,,博主Will Sonbuchner认为华丽刺龙虾是此次尝试的最佳龙虾，将其尾巴肉放在奢华的意大利调味饭上的体验堪称满分，由此可推断。,,,,,,,,,,
,,,,5,How many kinds of lobsters were evaluated in the video? ,多线索推理,Seven kinds.,,冰岛和美国的电源接口不一样。冰岛电源接口是C 型（两圆插脚），美国使用的是 A 型（两脚扁插）依次测评了Crawfish、Irish Langoustine、Slipper Lobsters、Australian Red Lobster、American Lobster、Ornate Spiny Lobster和Lobster Sashimi这七种龙虾。,,,,,,,,,,
77,https://www.youtube.com/watch?v=81XMkdAcvCA,36:11,vlog - 亲子,1,What's the relationship between Jake and Tommy?,人物属性建模,They have a brotherly relationship. ,,Jake 和 Tommy 都是拍摄者的孩子，他们之间是兄弟姐妹关系。,,,,,,,,,,
,,,,2,Are the North American and European continental plates moving apart or converging? ,通用知识推理,Moving apart,Silfra 是北美和欧洲两个大陆板块的交界处，北美和欧洲大陆板块是在分离，而缝隙在不断变大。,Silfra 是北美和欧洲两个大陆板块的交界处，在此处潜水能看到板块间的裂缝，而缝隙在不断变大。,,,,,,,,,,
,,,,3,Is the power outlet in Iceland the same as that in the United States? ,通用知识推理,No,冰岛和美国的电源接口不一样。冰岛电源接口是C 型（两圆插脚），美国使用的是 A 型（两脚扁插）,视频中博主使用了从美国来，他随身携带了电源适配器，观察画面冰岛出租房内的电源插口为圆形，博主的电插头为方的，综合推断冰岛和美国的电源接口不一样。,,,,,,,,,,
,,,,4,How about Luke's expressive ability?,人物属性建模,Luke has a pretty good expressive ability.,,在视频内容卢克有清晰的叙事能力，清晰地讲述在冰岛的旅行经历。且有生动的场景描绘能力，在描述冰岛的自然风光和景点时，他的表达很生动。能良好的互动引导，所以推断卢克具有不错的表达能力,,,,,,,,,,
,,,,5,What scenic spot did Luke's family visit after going fishing?,多跳推理,The black sand beaches in Iceland,,模型定位到出海画面，分析之后画面得出他们去了冰岛的黑沙滩。,,,,,,,,,,
78,https://www.youtube.com/watch?v=HX9rg4qnUYE,27:14,测评 - 食品,1,What is the main ingredient that the Jun Bi store specializes in? ,"多线索推理,通用知识推理",It's matcha.,视频中基于Gabby的讲述Jun Bi是全部主打抹茶原料的一家店铺，提供多种抹茶饮品，如草莓、香草、番石榴等口味，还有抹茶软冰淇淋。,视频中基于Gabby的讲述Jun Bi是全部主打抹茶原料的一家店铺，提供多种抹茶饮品，如草莓、香草、番石榴等口味，还有抹茶软冰淇淋。由此可推断,,,,,,,,,,
,,,,2,What is the main ingredient featured in the dishes of the Fat Cheeks restaurant?,通用知识推理,It's lobster.,基于视频中Gabby和JOSEPH讲述他们认为这家店铺的龙虾卷是最好吃的；同时基于视频画面中有关这家店铺的logo是一只红色龙虾由此可推断该店铺的主打食材是龙虾。,基于视频中Gabby和JOSEPH讲述他们都一只非常喜欢这家店铺，这家店铺的龙虾卷是最好吃的；同时基于视频画面中有关这家店铺的logo是一只红色龙虾由此可推断该店铺的主打食材是龙虾。,,,,,,,,,,
,,,,3,What is the relationship between Jonathan and Joseph? ,人物属性建模,They are cousins.,,基于视频中Joseph讲述他们一会儿会与他的表兄弟见面一同探索后面的地方。由此可知两个人的关系。,,,,,,,,,,
,,,,4,"Which sport does Joseph prefer, surfing or snowboarding? ",人物属性建模,Surfing.,,视频中两个人初次尝试冲浪运动，Joseph讲述他更喜欢冲浪，胜过单板滑雪。他从小就开始滑板，但确实更喜欢冲浪，而不是单板滑雪。他认为冲浪把他最喜欢的东西都结合在一起了，由此可推断。,,,,,,,,,,
,,,,5,Where did Gabby go before tasting the ice cream from Magnolia?,多跳推理,Jun B.,,基于视频画面讲述Gabby在去品尝Magnolia店铺美食之前先去到Jun B全抹茶店，由此可推断。,,,,,,,,,,
79,https://www.youtube.com/watch?v=G6sPCMIQqpc,29:02,vlog - 日常（综合）,1,How many ingredients are needed to make Chimichurri sauce?,"多线索推理,通用知识推理", Eight. ,基于视频中Linda的讲解 Chimichurri sauce的制作过程，包含parsley、cilantro、red onion、garlic、oregano、red wine vinegar、olive oil和lemon juice共8种。,基于视频中Linda的讲解 Chimichurri sauce的制作过程，包含parsley、cilantro、red onion、garlic、oregano、red wine vinegar、olive oil和lemon juice共8种，由此可推断。,,,,,,,,,,
,,,,2,When is the prime rib of Paul Casino generally on special offer? ,通用知识推理,From Monday to Thursday every week.,基于视频中Linda的讲述Paul Casino每周一到周四上等肋排特价。,基于视频中Linda的讲述Paul Casino每周一到周四上等肋排特价，非常推荐大家去到Paula，由此可推断。,,,,,,,,,,
,,,,3,What is the relationship between Noel Laeno and Linda? ,人物属性建模, They are husband and wife.,,基于视频开头介绍 The Laeno Family一共由四个人组成，其中视频画面有标注丈夫为 Noel Laeno，Linda后续表示有两个孩子，通过两个人再镜头前的亲密举动以及对孩子们的称呼由此可推断出来。,,,,,,,,,,
,,,,4,What is the relationship between Colin and Christian?,人物属性建模, They are best friends.,,视频中Nicole讲述让 Christian介绍一下他最好的朋友Colin的，由此可推断两个人关系。,,,,,,,,,,
,,,,5,What did The Laeno Family do before they headed to the vacation house?,多跳推理, They went to play an escape room game.,,基于视频讲述 The Laeno Family出发第一台你先去玩的密室逃脱然后再前往度假所在地的，由此可推断。,,,,,,,,,,
80,https://www.youtube.com/watch?v=tJIkzEWs2SI,22:17,vlog - 日常（综合）,1,Where did Gabby visit before going to the Waimea Canyon Lookout?,多跳推理,Hanapepe Town.,,基于视频记录Gabby他们的旅行首先去到Hanapepe Town，然后去到 the Waimea Canyon Lookout，由此可推断。,,,,,,,,,,
,,,,2,Which characters in Lilo and Stitch does Gabby like?,人物属性建模, Lilo and Stitch.,,视频中Gaby强烈要求去到夏威夷游玩一定要去哈纳佩佩（Hanapepe）小镇，因为这是星际宝贝的灵感来源地，而且她时Lilo和Stitch的狂热粉丝，由此可推断出。,,,,,,,,,,
,,,,3,How much is the shuttle service fee for the hiking route of Hanakapiai Falls?,通用知识推理, It's about 20 US dollars per person., Hanakapiai Falls徒步项目每天都有穿梭巴士服务，预订了穿梭巴士的票和乘车通行证，Gabby和Joseph的费用大概是40美元，由此可知一人巴士服务费用大概是20美元。,基于Gabby讲述在 Hanakapiai Falls徒步项目每天都有穿梭巴士服务，预订了穿梭巴士的票和乘车通行证，Gabby和Joseph的费用大概是40美元，由此可知一人巴士服务费用大概是20美元。,,,,,,,,,,
,,,,4,How many kilometers is the round trip of the Hanakapiai Falls hiking project approximately?,通用知识推理, It's about 8 kilometers.,视频中哈纳卡皮艾瀑徒步开始之前Gabby讲述这个徒步项目是需要往返共 8 英里.,视频中哈纳卡皮艾瀑徒步开始之前Gabby讲述这个徒步项目是需要往返共 8 英里，由此可推断。,,,,,,,,,,
,,,,5,Are Gabby and Joseph animal-friendly people? ,人物属性建模,Yes.,,视频中Gabby and Joseph 参与了可爱岛人道协会的 “狗狗实地考察” 项目，带狗狗 Yok 外出活动，包括徒步和去海滩，照顾狗狗并给予它关爱，还希望 Yok 能被好的家庭收养，显示出他们对动物的友好和爱心。由此可推断,,,,,,,,,,
81,https://www.youtube.com/watch?v=MNzxVtYPzwI,39:44,纪录片 - 自然,1,Where is the Matador Grass Bank project located?,通用知识推理,Montana, Matador Grass Bank项目所在位置,根据Bud是蒙大拿州的农场主并且在 Matador Grass Bank项目刚开始就加入可以推出,,,,,,,,,,
,,,,2,How many years of history will the Ranchers Stewardship Alliance have by 2025? ,通用知识推理,Twenty-two years.,RSA建立历史,根据视频中提到的2003年大约30个农场主聚在一起后来该组织成为牧场主管理联盟（RAS）可以得出,,,,,,,,,,
,,,,3,What building did Laura introduce after she introduced Winnet School?,多跳推理,The Oddfellows.,,模型需要先定位到Laura介绍学校的时刻然后判断分析她接下来介绍了什么建筑,,,,,,,,,,
,,,,4,What is the relationship between Bud and Sheila?,人物属性建模,They are husband and wife.,,根据Bud和Sheila来自一家牧场以及他们亲密的动作可以看出,,,,,,,,,,
,,,,5,What is Sheila's speaking style like?,人物属性建模,Her speaking style is earnest and placid. ,,根据Sheila说话时平静的语气认真的态度可以看出,,,,,,,,,,
82,https://www.youtube.com/watch?v=sdkZH3uM1BI,27:48,纪录片 - 自然,1,Which country is the River Otter located in?,通用知识推理,England,奥特河的位置,根据视频在介绍英国海狸回归时提到奥特河可以推出奥特河在英国,,,,,,,,,,
,,,,2,What time of the day do beavers generally build dams? ,通用知识推理,In the evening.,海狸建造水坝的时间,根据Jack的摄像头发现海狸整夜行动砍伐树木可以推出,,,,,,,,,,
,,,,3,What did Jack do after he took down the camera from the tree? ,多跳推理,He opened his laptop.,,模型需要先定位到Jack取下树上摄影机的时刻然后判断分析他接下来做了什么,,,,,,,,,,
,,,,4,What's Jack's attitude towards the reappearance of beavers in the UK? ,人物属性建模,He felt very excited.,,根据Jack得知海狸在英国重新出现连续观察了五年海狸可以看出,,,,,,,,,,
,,,,5,How is Sacha's skill in flying with a paramotor? ,人物属性建模,Her skill is very good.,,根据Sacha可以乘坐动力伞穿越英吉利海峡追随天鹅迁徙可以看出,,,,,,,,,,
83,https://www.youtube.com/watch?v=tWrSczF3d_8,32:36,vlog - 运动,1,Where is Garibaldi Lake located?,通用知识推理,In Vancouver.,加里波第湖地理位置,根据Jeff说加里波第湖屏障塌可能引发海啸影响温哥华岛可以得出加里波第湖在温哥华,,,,,,,,,,
,,,,2,How much higher is the elevation of Whistler Mountain than the highest elevation of Panorama Ridge? ,通用知识推理,48 meters.,惠斯勒山和全景岭的海拔高度差,根据Jeff和Audrey爬上两座山时出现的海拔高度可以推出,,,,,,,,,,
,,,,3,What did Jeff and Audrey encounter after they climbed up Whistler Mountain? ,多跳推理,Three tourists who are going skiing,,模型需要先定位到Jeff和Audrey爬上惠斯勒山的时刻然后分析判断他们接下来遇到了什么,,,,,,,,,,
,,,,4,How is Jeff's athletic physical fitness? ,人物属性建模,His physical fitness is excellent.,,根据Jeff68km的徒步越野以及他说这样的训练是经常的可以推出,,,,,,,,,,
,,,,5,What is Audrey's speaking style like?,人物属性建模,She speaks in a lively manner.,,根据Audrey徒步越野中交谈仍然活泼有活力可以看出她平常的说话风格也是如此,,,,,,,,,,
84,https://www.youtube.com/watch?v=IEe_mKOJ8uA,21:17,vlog - 特殊事件,1,What are the requirements for hunting muskoxen on Nunivak Island? ,通用知识推理,A muskox hunting permit is required.,在努纳瓦克岛捕猎麝牛有什么要求,根据Steven所说努纳瓦克岛的麝牛狩猎通过阿拉斯加大型猎物抽签获得可知在努纳瓦克岛捕猎麝牛需要许可,,,,,,,,,,
,,,,2,When do seals arrive at Nunivak Island the earliest?,通用知识推理,In April.,海豹最早到达努纳瓦克岛的时间,根据James所说四月上旬是努纳瓦克岛冰融化的时候，而海豹会在冰融化时到努纳瓦克岛可以推出,,,,,,,,,,
,,,,3,How many shots did Steven fire when he hunted the muskox? ,多线索推理,Steven fired two shots.,,模型需要分析统计Steven射杀麝牛时开枪的次数,,,,,,,,,,
,,,,4,What about Steven's hunting skills?,人物属性建模,His hunting skills are excellent.,,根据Steven射杀麝牛时冷静耐心的动作以及丰富的经验可以看出,,,,,,,,,,
,,,,5,What is James's speaking style like?,人物属性建模,He speaks in a steady manner.,,根据James回答Steven各种问题时的语气以及捕猎到麝牛时说话仍然冷静可以看出他的说话风格是沉稳的,,,,,,,,,,
85,https://www.youtube.com/watch?v=g3Ud6mHdhlQ,29:33,教学 - 工业制造,1,Is Destin an amateur interviewer?,"多线索推理,人物属性建模",No.,,通过观看视频，视频中Destin对主题的规划、专业的知识储备、良好的互动能力、清晰的讲解呈现等方面，由此可知Destin 是一个专业的采访者，而非业余者。,,,,,,,,,,
,,,,2,How is the oxygen level monitored in a nuclear submarine?,通用知识推理,Central atmosphere monitoring system.,核潜艇中的氧气水平通常是通过中央大气监测系统（Central Atmosphere Monitoring System，简称 CAMS）来监测的。这个系统是核潜艇生命保障系统中的关键组成部分。,通过观看视频，视频中Destin提问Dow，核潜艇中的氧气水平是怎么监测的，Dow解释道会有几个人在中央大气监测器记录。由此可知，核潜艇中的氧气水平是通过中央大气监测器来监测。,,,,,,,,,,
,,,,3,What is Dow's explanation style like?,人物属性建模,Detailed explanation style.,,通过观看视频，Dow通过对设备和系统的全面阐述、工作原理的深入解释、操作细节的具体展示以及额外相关信息的提供等方面，由此可知Dow的讲解方式是详细介绍型。,,,,,,,,,,
,,,,4,"After asking Dow about gas leaks, what did Destin talk about next?",多跳推理,Two methods of producing oxygen on a submarine.,,通过观看视频，先定位到Destin在询问完dow有关气体泄漏的知识的片段，由此可知，接下来Destin分享了两种可以在船上可以制作氧气的办法。,,,,,,,,,,
,,,,5,What kind of detectors are used to find pipe leaks on a nuclear submarine?,通用知识推理, Sniffer.,嗅探器是一种高灵敏度的气体检测设备，不是真的“闻气味”，而是通过各种传感技术来分析空气中是否有异常气体。,通过观看视频，Destin提问Dow，当发生管道发生气体泄漏时，是如何找到泄漏点的，dow解释道，有称之为嗅探器的仪器来帮助检测泄漏的位置，由此可知问题答案。,,,,,,,,,,
86,https://www.youtube.com/watch?v=PRF0HSaOFos,20:23,测评 - 工具/机械,1,What is Clay's explanation style like?,"多线索推理,人物属性建模",Detailed explanation style.,,通过观看视频，根据clay的钓鱼计划和位置的详细说明、鱼类相关知识的细致讲解等方面，由此可知clay的讲解风格是详细介绍型。,,,,,,,,,,
,,,,2,What regulations do fishermen need to follow on the west coast of Florida?,通用知识推理,Species regulations.,在佛罗里达州西海岸（墨西哥湾水域）钓鱼时，必须严格遵守鱼种限制，包括尺寸限制、配额限制和季节性关闭。,通过观看视频，视频中Scott询问了clay钓上来的石斑鱼是否符合合法要求，clay解释道有大小限制（24英寸）、配额限制（每人每日允许两条）等，由此可知，该地钓鱼需要遵守钓鱼需要遵守鱼种限制。,,,,,,,,,,
,,,,3,"What is the relationship like between Scott and his children, Reed and Jacob?",人物属性建模,Harmonious.,,通过观看视频，从Scott和孩子共同参与活动的态度、友好的竞争互动、相互关心支持以及对家庭时光的享受等方面，由此可知，Scott 和他的孩子们关系很融洽。,,,,,,,,,,
,,,,4,"After Scott introduced Clay, what did Clay do next?",多跳推理,Explain today's plan.,,通过观看视频，先定位到Scott介绍clay的片段，由此可知，接下来clay介绍了今日计划。,,,,,,,,,,
,,,,5,What kind of people is Crystal River suitable for?,通用知识推理,People who enjoy outdoor activities.,Crystal River 是户外爱好者的理想目的地，尤其适合喜欢水上活动、自然观察和安静度假的人群。,通过观看视频，介绍了Crystal River 丰富的钓鱼资源、多样的水上活动、独特的生态环境、适合家庭参与以及便捷的度假设施等方面。由此可知，适宜爱好户外活动的人。,,,,,,,,,,
87,https://www.youtube.com/watch?v=VJeiG8r6CyM,23:40,教学 - 医疗,1,Is Dr. Shaw a meticulous person?,"多线索推理,人物属性建模",Yes.,,通过观看视频， 从Dr. Shaw 对护肤设备的态度、对科学研究的依赖、对产品评价的客观性以及对使用注意事项的强调等方面，由此可知他是一个严谨的人,,,,,,,,,,
,,,,2,How does the wavelength of UV light relate to its ability to penetrate?,通用知识推理,Positive correlation.,在紫外线中，波长越长，穿透力越强。,通过观看视频，根据Dr. Maxfield and Dr. Shaw讲解，uvb 到 uva，波长逐渐变长，同时uva 能够更深地穿透皮肤，对皮肤造成更深层次的伤害，即穿透力增强。由此可知，在紫外线中，波长长度和穿透力的关系是正相关，波长越长，穿透力越强。,,,,,,,,,,
,,,,3,What is Dr. Maxfield's explanation style like?,人物属性建模,Detailed explanation style.,,通过观看视频，Dr. Maxfiel从对护肤设备背景原理的讲解、对 LED 面膜功效的分析、对使用注意事项的说明以及对产品的评价等多个方面，由此可知Dr. Maxfield 的讲解风格是详细介绍型。,,,,,,,,,,
,,,,4,"After Dr. Maxfield and Dr. Shaw issued some cautions, what did they talk about next?",多跳推理,An evaluation of Dr. Dennis Gross products.,,通过观看视频，视频中Dr. Maxfield and Dr. Shaw在发表了一些注意事项后，接下来说了Dr. Dennis Gross 的产品评测。,,,,,,,,,,
,,,,5,Which is more effective for treating the surface of the skin: blue light or red light?,通用知识推理, Blue light.,蓝光对皮肤表层的治疗更有效，主要用于杀菌和治疗痤疮；红光则穿透更深，适用于修复和抗老。,通过观看视频，视频中Dr. Maxfield and Dr. Shaw通过波长与穿透深度的直接关系、蓝光对表层皮肤问题杀菌和痤疮治疗以及红光的主要功能的介绍等，由此可知，相较于红光而言，蓝光用于治疗表层皮肤效果更好。,,,,,,,,,,
88,https://www.youtube.com/watch?v=yXXfLJDJMVc,22:44,纪录片 - 人文,1,What is the relationship like between Max and his sister Sophia?,"多线索推理,人物属性建模",Harmonious.,,通过观看视频中，根据Sophia主动辞职协助Max、共同重启创业计划以及 持续的陪伴与支持等方面，由此可知，Max与妹妹Sophia的关系是融洽的。,,,,,,,,,,
,,,,2,What was innovatively used to enhance the flavor in the process of making beef jerky?,通用知识推理,Fermented black beans.,传统牛肉干的制作一般以腌制、风干、烘烤或烟熏为主，发酵本身就不常见，而加入黑豆更是较少出现的做法。,通过观看视频，根据视频中 明确提到使用发酵黑豆作为独特原料、研磨成粉以最大化鲜味释放等内容，由此可知，Max在制作牛肉干的过程中，通过加入发酵黑豆作为创新性方法提升风味。,,,,,,,,,,
,,,,3,Is Max a persistent person?,人物属性建模,Yes.,,通过观看视频，视频中Max在创建自己品牌的牛肉干的过程中，如母亲去世、受疫情影响等挫折，依旧没有放弃，由此可知，Max是一个坚持不懈的人。,,,,,,,,,,
,,,,4,"After Max's beef jerky was successfully packaged, who did Max talk to on the phone next? ",多跳推理,Tommy. (He is Max and Sophia's brother.),,通过观看视频，定位到Max在成功完成了牛肉干的包装的片段，接下来Max拨通了Tommy的视频电话，给其展示，由此可知，问题答案。,,,,,,,,,,
,,,,5,"Compared to using chili powder or liquid chili oil directly, what are the flavor advantages of using filtered chili crisps?",通用知识推理,Richer flavor.,相较于辣椒粉或液态辣油，过滤辣椒脆片可以带来更丰富、更温和、层次感更强的辣味体验，同时不会破坏牛肉干的质地。,通过观看视频，Max说到在大多数的牛肉干品牌中，没有一些特别的配料，Max团队刻意避开传统调味料（如辣椒粉），选择辣椒脆片这种非标准化原料，通过复杂工艺（过滤）实现风味创新。由此可知，直接使用辣椒粉或液态辣椒油相比，使用过滤后的辣椒脆片有着在增添风味的优势。,,,,,,,,,,
89,https://www.youtube.com/watch?v=xRuBMMts8cw,30:19,教学 - 烹饪,1,What is Kay's job?,"多线索推理,人物属性建模",She is a food-making blogger.,,视频中提到Kay是一位老太太，经常会在推特上发布自己做饭的视频。,,,,,,,,,,
,,,,2,What is the relationship between Daz and Will?,人物属性建模,They are friends.,,通过观察视频中两人进行的交流互动，并且互相品尝对方做出来的并不好吃的食物。,,,,,,,,,,
,,,,3,What's the impact of stir-frying raw rice in oil on the taste?,通用知识推理, The rice grains are hard and grainy.,炒饭的错误做法会对米饭口感造成的影响,视频中在Daz做完炒饭之后，Wil进行品尝，提到感觉像沙粒一样，Daz尝试过后提出无法下咽，十分坚硬。,,,,,,,,,,
,,,,4,How many kinds of ingredients did Daz use to cook the fried rice?,多线索推理,Eight.,,视频中可以了解到，有油，蒜，生米，盐，胡椒粉，鸡蛋火腿，三明治鸡肉,,,,,,,,,,
,,,,5,What is the elasticity of the meatballs baked in the oven?,通用知识推理,They have relatively strong elasticity.,烤箱拷出肉丸的特点,视频中可以看到在Mill将肉丸从烤盘中取下时，肉丸落到盘子上会弹起来，并且在用叉子叉开时也能看到很有弹性。,,,,,,,,,,
90,https://www.youtube.com/watch?v=_qj13VcgeHk,30:55,vlog - 亲子,1,How many people went on this trip together?,多线索推理,Four.,,视频中作者提到他的妻子要进行三星期的康复治疗，所以由他带着Hunter、Lyla，并且他的大儿子Simon也加入这场旅行。,,,,,,,,,,
,,,,2,What's the state of affection between Kane and Nikki? ,"多线索推理,人物属性建模",They are affectionate.,,视频中Kane提到自己的妻子Nikki需要去康复治疗，通过他的表现可以知道他比较关心，并且晒出他妻子的照片，晚上经常给妻子打电话，而且在的旅程中提到想等他的妻子回来。,,,,,,,,,,
,,,,3,Where is pounamu mainly distributed?,通用知识推理,In the South Island of New Zealand.,普纳姆石的主要产地,视频中作者一行人位于新西兰南岛，作者带孩子旅游时试图寻找当地有名的普纳姆石,,,,,,,,,,
,,,,4,What is the style of Lyla's behavior and actions?,人物属性建模, She is innocent and lively.,,Lyla经常与摄像头和Kane进行互动，结合她对话时展现的状态以及在画面中喜欢探索并且好动而得出结论。,,,,,,,,,,
,,,,5,What was the frequency of shipwrecks along the west coast of New Zealand between 1865 and 1867?,通用知识推理,It was extremely frequent.,1865年到1867年间很多人来到新西兰西海岸寻找金子，并且这里的海上环境多变,作者提到有很多来自澳大利亚的淘金客，并且平均每十天就会在这里发生一场海难。,,,,,,,,,,
91,https://www.youtube.com/watch?v=ZsfmKOkw5mU,26:20,纪录片-历史纪实,1,What is the position in the Middle Ages that was responsible for conducting community sermons and performing sacraments?,通用知识推理,Parish Priest.,中世纪的基督教体系中，教区牧师是一个非常重要的角色，,Eleanor Janega提到教区牧师是最常见的神职人员形式，需要向管理的社区讲解自己听到的内容，需要有足够的教区牧师才能确保社区的顺利传教。,,,,,,,,,,
,,,,2,What is Eleanor Janega's communication style like? ,人物属性建模,It is serious.,,通过观察Eleanor Janega与John交流时的语言内容，态度认真程度，以及交流语气可以得出结论,,,,,,,,,,
,,,,3,What is John's job?,人物属性建模,He's a historian and church manager.,,当Eleanor Janega到达圣迈克尔教堂时，等到John带领进入教堂进行参观，并且John还讲述了许多基督教的历史。,,,,,,,,,,
,,,,4,What was the relationship between university students in the Middle Ages and the Church?,通用知识推理,The relationship was very close.,中世纪的教会对于学者和大学生的控制和影响很大,Eleanor Janega提到在大学中工作的人都是神职人员，并且很多大学生都是神职人员并且受到教会保护，中世纪大学生在违反法规经常会受教会法庭轻微处罚从而避免社会法规处罚。,,,,,,,,,,
,,,,5,How are the churches distributed in London?,多线索推理,They are densely distributed.,,作者提到小且人口越密集的地区教区会更多，教堂就会越多，通过地图可以看到教堂的分布，并且还提到伦敦的管理人想要得到更多的教会关注。,,,,,,,,,,
92,https://www.youtube.com/watch?v=kqpVeRIjZNc,32:30,教学 - 烹饪,1,How to make custard?,通用知识推理,Water bath method,做奶油冻要用水浴法,定位到Sohla从烤箱里取出南瓜奶油冻的片段，视觉可知，盛有南瓜奶油冻的模具在热水中，可推断出,,,,,,,,,,
,,,,2,What can be added when making mashed potatoes to prevent them from sticking to the pan?,通用知识推理,Cream,做土豆泥时加入奶油可以防止粘锅,定位到Ham做土豆泥的片段，他提到“我把锅放在非常小的火上，我往上面抹了一点奶油，这样等土豆掉进去时它们就不会烧焦并黏在锅底”，可推断出,,,,,,,,,,
,,,,3,What good habits does Ham have when cooking?,"多线索推理,人物属性建模",Clean the stove top casually,,Ham提到“我一边走一边清理是为了获得更多空间”，定位到还剩25分钟的时候，视觉Ham正在擦拭灶台，Sohla还说了句“你比我干净多了，你怎么做到的”，可推断出,,,,,,,,,,
,,,,4,What food does Ham dislike?,"多线索推理,人物属性建模,多模态/多语言推理",Pumpkin,,视频开头视听结合确认Ham身份，定位到Sohla说要做南瓜奶油冻的片段，Ham说了四遍讨厌南瓜，还说讨厌南瓜奶油冻，对南瓜有偏见，可推断出,,,,,,,,,,
,,,,5,What did Sohla do after taking out the pumpkin cream jelly?,"多跳推理,多模态/多语言推理",Cut the pineapple,,定位到Sohla取出南瓜奶油冻的片段，跟踪行为得到答案,,,,,,,,,,
93,https://www.youtube.com/watch?v=EZ_j699Mt8Q,23:46,vlog - 出行,1,What is the relationship between Nat and Jack?,人物属性建模,They are a couple.,,由Nat和Jack在飞机上互相依偎着休息，举止亲密可知。,,,,,,,,,,
,,,,2,What does Nat like to drink?,人物属性建模,Coffee.,,Nat在“Yes”咖啡店喝了四倍咖啡，结合她抱怨在去滑雪的路上没有咖啡店可知。,,,,,,,,,,
,,,,3,How many days did Nat and Jack snow together?,多线索推理,They went for a total of two days.,,定位到Nat和Jack滑雪的片段可知。,,,,,,,,,,
,,,,4,"What is ""lhrombocid forte"" for?",通用知识推理,Medications for ankle sprains.," ""lhrombocid forte"" 是一种治疗脚踝扭伤的药物。","Nat脚踝扭伤了，Jack到药店为她买了一盒名叫 ""lhrombocid forte"" 的药，可推断 ""lhrombocid forte"" 是一种治疗脚踝扭伤的药物。",,,,,,,,,,
,,,,5,Where can tourists leave their luggage when visiting the Nevada ski resort?,通用知识推理,Luggage storage.,内华达滑雪场为游客提供寄存柜放行李。,根据Nat和Jack第二天去滑雪的时候将行李即存在滑雪场的寄存柜可知。,,,,,,,,,,
94,https://www.youtube.com/watch?v=xALfqHBqsdg,33:32,vlog - 出行,1,What does American Airlines do when passengers forget to bring their headphones?,通用知识推理,American Airlines will provide headphones for passengers.,美国航空会为乘客提供耳机。,根据Nat没有戴耳机，美国航空便为她提供了耳机。,,,,,,,,,,
,,,,2,What did Nat do before getting off the plane?,多跳推理,Make-up.,,定位到Nat下飞机前的片段可知。,,,,,,,,,,
,,,,3,How's Jack drinking?,人物属性建模,Jack drinks very little.,,Jack喝了一小口酒就面露难色。,,,,,,,,,,
,,,,4,What are New Zealand's specialty drinks?,通用知识推理,"”L&P ""","”L&P ""饮料是新西兰的特产。","Jack说”L&P ""饮料在新西兰举世闻名，可推测”L&P ""饮料是新西兰的特产。",,,,,,,,,,
,,,,5,"According to Nat and Jack's eating habits, what do they drink every day?",人物属性建模,Drink coffee.,,Nat和Jack每天都会喝咖啡。,,,,,,,,,,
95,https://www.youtube.com/watch?v=s1wbT82Vg1k,23:30,vlog - 烹饪,1,"In France, who can open a bakery?",通用知识推理,Certified member of the French Pastry Guild.,在法国，只有得到法国糕点行会认证的成员才可以开烘焙店。,法国对制作糕点有着严格的规定，已被列入了民法典，故成立了法国糕点行会会对学员进行规范培训，确保学徒遵循正式课程，只有行会认证的成员才可以出售糕点，可知在法国，只有得到法国糕点行会认证的成员才可以开烘焙店。,,,,,,,,,,
,,,,2,How is Ben's level of bread making?,人物属性建模,He is an extremely skilled baker.,,Ben有30年的面包制作经验，对于面包制作非常了解。,,,,,,,,,,
,,,,3,"In the process of making French bread, what ingredients make the dough sticky?",通用知识推理,Dairy products and butter.,在制作法式面包过程中，乳制品和黄油的加入让面团变得黏手。,Ben在磋面团时说面团很粘手，Martial解释说面团中加了乳制品和黄油，可推断在制作法式面包过程中，乳制品和黄油的加入让面团变得黏手。,,,,,,,,,,
,,,,4,Martial shows how many ways to make croissants?,多线索推理,He demonstrated two methods.,,定位到Martial做牛角包的片段可知。,,,,,,,,,,
,,,,5,What is Martial occupation?,人物属性建模,The baker.,,根据Martial的穿着和熟练的面包制作手法可知。,,,,,,,,,,
96,https://www.youtube.com/watch?v=VcgcyHPzmxE,26:48,vlog - 特殊事件,1,Do I need to pay for Haidilao's hand massage service?,通用知识推理,The hand massage is free,海底捞会给客人免费提供手部按摩服务。,根据Darien还没进入海底捞火锅店就享受了手部按摩服务可知。,,,,,,,,,,
,,,,2,How is Darien's tolerance level for chili peppers?,人物属性建模,Darien is not good at spicy food.,,Darien在尝了一口辣汤后面露难色。,,,,,,,,,,
,,,,3,"In Haidilao, besides the waiter, who else can try to pull noodles?",通用知识推理,Customer.,在海底捞，除了服务员，顾客也可以尝试拉面条。,根据Darien向服务员学习甩面条可知。,,,,,,,,,,
,,,,4,What spices does Darien like?,人物属性建模,Scallion and ginger.,,Darien说他自己是葱姜的粉丝。,,,,,,,,,,
,,,,5,What did Darien and Cantomando do before they ate their hot pot?,多跳推理,Wear an apron.,,定位到Darien和Cantomando吃火锅前的片段可知。,,,,,,,,,,
97,https://www.youtube.com/watch?v=HogJsexjMW4,21:49,访谈 - 动态（含充分视觉信息）,1,Do Michael and Courtney like animals or dislike animals?,"多线索推理,人物属性建模",Like.,,通过观看视频，Michael and Courtney 有一只退休护卫犬弗雷亚，并且他们的孩子们每天都与动物一起度过，照料农场上的家禽。尤其是表示看到孩子们与自然和动物之间的互动，感到非常幸福和幸运。可知，Michael and Courtney 对动物的喜爱和尊重。,,,,,,,,,,
,,,,2,What does Three Brothers Farm primarily provide?,通用知识推理,Organic pasture-raised eggs.,Three Brothers Farm 是一家主要提供 有机散养鸡蛋 的农场。,通过观看视频，Three Brothers Farm 鸡蛋经过认证为有机，并且是散养的，农场的鸡每天都在新鲜的草地上自由活动。由此可知，Three Brothers Farm 是一家主要提供 有机散养鸡蛋 的农场。,,,,,,,,,,
,,,,3,What's the relationship between Michael and his grandfather?,人物属性建模,Their relationship is very good.,,通过观看视频，视频中Michael说道，自己的爷爷绝对算的上自己最好的朋友，并且希望自己如今的事业得到爷爷的自豪。由此可知，Michael和爷爷的关系很好。,,,,,,,,,,
,,,,4,Where did Luke go next after visiting Three Brothers Farm?,多跳推理,Uncle W's breakfast tavern.,,通过观看视频，先定位到Luke离开农场参观的片段，接下来可知Luke去了自己全城最喜欢的早餐店Uncle W's breakfast Tavern。,,,,,,,,,,
,,,,5,What color is the yolk of organic pasture-raised eggs?,通用知识推理,Dark orange.,有机散养鸡蛋的蛋黄通常呈现深橙黄色，颜色比普通笼养鸡蛋更鲜艳浓郁。,通过观看视频，视频中Luke向Michael提问到土壤健康以及可以接触到新鲜的草等条件下的鸡蛋有什么影响。于是向Luke介绍到，鸡蛋打开后可以看到鸡蛋呈现深橙色。由此可知，有机散养鸡蛋蛋黄的颜色。,,,,,,,,,,
98,https://www.youtube.com/watch?v=ml5kj4OXFF0,20:27,教学 - 技能,1,Is Joanne a professional or an amateur in the field of neon lights?,"多线索推理,人物属性建模",She is a professional.,,通过观看视频，视频中介绍到Joanne是霓虹灯艺术博物馆的电气实验室经理和讲师，由此可知，她是一名专业人员。 ,,,,,,,,,,
,,,,2,"When a neon light tube is brought near a Tesla coil, what reaction will the neon light have?",通用知识推理,The neon light will glow.,霓虹灯管靠近特斯拉线圈时，霓虹灯会发光，这种现象背后的科学原理是电磁感应和气体放电。,通过观看视频，Xyla说道，特斯拉线圈和霓虹灯有个有趣的反应，即霓虹灯管靠近特斯拉线圈，它就会发光。由此可知，当将霓虹灯管靠近特斯拉线圈时，霓虹灯会有什么反应。,,,,,,,,,,
,,,,3,Is Xyla interested in neon lights or indifferent to them?,人物属性建模,Interested.,,通过观看视频，视频中Xyla说到自己认为霓虹灯是艺术与工程最完美的结合之一，并且一直在自己的愿望清单上等。由此可知，Xyla并非对霓虹灯无感，而是十分感兴趣。,,,,,,,,,,
,,,,4,What did Xyla do after lunch under Joanne's guidance?,多跳推理,Try to make a neon light with your own name.,,通过观看视频，可知，Xyla 午饭后，在Joanne的指导下，开始尝试制作带有自己名字的霓虹灯。,,,,,,,,,,
,,,,5,What gas makes the neon light glow?,通用知识推理,A small amount of inert gases.,霓虹灯的发光依赖于内部含有的少量惰性气体，它们在电场作用下被激发发光，而气体种类直接决定了灯光的颜色。,通过观看视频，视频中xyla说道，霓虹灯中含有少量的惰性气体，而这些气体的原子在加速运动会与其他的原子发生碰撞，会释放出光子。由此可知，惰性气体使得霓虹灯能够发光。,,,,,,,,,,
99,https://www.youtube.com/watch?v=9gAq3wfvYUk,24:19,教学 - 工业制造,1,Is Tim an introverted person?,"多线索推理,人物属性建模",No.,,通过观看视频，Tim 参与了对 ”El Titan de Bronce “雪茄工厂的参观，与 Pedro 等人交流互动，积极表达自己对雪茄制作过程的看法和感受等行为，由此可知他不是一个内向的人。,,,,,,,,,,
,,,,2,"What kind of cigars does ""El Titán de Bronce"" produce?",通用知识推理,Premium handmade cigars.,El Titán de Bronce 专注于小规模、高品质的手工雪茄制作，属于精品雪茄（Boutique Cigars）范畴，主要面向收藏家与高端雪茄爱好者。,通过观看视频，视频中介绍了佛罗里达州迈阿密的世界著名雪茄工厂“El Titan De Bronze”， 制作他们的雪茄，从生产规模、注重细节、独特工艺、品牌产品以及经营模式等多个方面，可知， “El Titan de Bronce” 是一个精品雪茄工厂。,,,,,,,,,,
,,,,3,What is Pedro’s explanation style like?,人物属性建模,The language is simple and easy to understand.,,通过观看视频， Pedro 在讲解时使用的语言比较通俗易懂，即使是没有专业知识的普通人也能够理解，由此可知他的讲解风格是通俗易懂的。,,,,,,,,,,
,,,,4,"After Pedro explained cigars in the warehouse, what did he talk about next?",多跳推理,Cuban-style rolling.,,通过观看视频，pedro在仓库讲解完雪茄后，接着讲解了古巴式雪茄卷制工艺。,,,,,,,,,,
,,,,5,Why should the tobacco leaves be kept at a certain level of humidity when rolling them into cigars?,通用知识推理,Prevent the tobacco leaves from breaking and cracking.,干燥的烟叶容易断裂或碎裂，影响卷制过程。适当的湿度使得烟叶保持柔韧性，便于卷制成形。,通过观看视频，Tim说道，在卷制雪茄时，需要烟叶保持一定的湿度，这样在卷制塑形时，不会破坏叶子，否则由于烟叶太干，手指用力操作就会造成烟叶开裂，由此可知，使烟叶保持一定的湿度，是为了防止烟叶破损和开裂。,,,,,,,,,,
100,https://www.youtube.com/watch?v=DfvQxldiPSg,33:16,教学 - 工业制造,1,How is John's guitar body sanding technique?,"多线索推理,人物属性建模",Proficient.,,通过观看视频，Brenden介绍了琴体的打磨环节，其中介绍了John负责打磨琴体工作超过20年了。由此可知，John是精通琴体打磨。,,,,,,,,,,
,,,,2,Why are woods used for making guitars wrapped in plastic sheets when stacked?,"多模态/多语言推理,通用知识推理",To stabilize the moisture content of the wood.,制造吉他的木材在堆放时用膜布（如塑料薄膜、防潮纸或无纺布）包裹起来，核心目为了稳定木材的含水率。,通过观看视频，视频中Brenden介绍到制作木材的堆放方式（通过视觉可以看到是用膜布包裹住堆放），这样能够使得木材中的水分减少，由此可知，将用于制作吉他的木材用膜布包裹起来，是为了稳定木材的含水率。,,,,,,,,,,
,,,,3,What is Brenden's explanation style like?,人物属性建模,Detailed explanation style.,,通过观看视频，从 Brendan 对吉他制造流程的全面介绍、通过举例和对比的说明方式以及对细节的深入讲解等多个方面。由此可知，他的讲解风格是详细讲解型。,,,,,,,,,,
,,,,4,"After Brenden finished introducing the wood materials used for guitars, what did he talk about next?",多跳推理,Inspection of structural defects.,,通过观看视频，视频中Brenden在进行了木材相关知识，如保存、切割等内容，接下来介绍了结构缺陷的检查。,,,,,,,,,,
,,,,5,Why is mahogany cut into parallelogram shapes when making guitar necks?,通用知识推理,Maximize material yield.,桃花心木原木通常锯解为矩形板材，但琴颈需沿一定角度（如头仰角）切削。平行四边形切割能减少边角料，降低浪费（相比矩形切割可提升利用率15%~20%）。,通过观看视频，视频中Brenden在切割木材时，使用桃花心木材切割成平行四边形，能最大限度地利用木材的形状，来制作琴颈。由此可知，在使用桃花心木制作吉他琴颈时，选择切割成平行四边形能够提高木材的利用率。,,,,,,,,,,