视频序号,视频_url,视频长度（min）,视频类型,问题序号,问题,"问题类型
",答案,若涉及通用知识推理，则写出推理步骤（知识点）,依据（解题思路）,,,,,,,,,,
1,https://www.youtube.com/watch?v=w0X6D_4DUd8,27:36,探索 - 体验新事物,1,How should you store food in the wild to avoid bears? ,通用知识推理,Hang it in a tree.,视频中Elsa说食物挂在树上即使熊被气味引来了看到没东西也会走掉，因此在野外为了躲避熊，食物应该挂在树上。,模型需要定位他们把包挂上树的片段，根据Elsa的介绍可知把食物挂上树是为了躲避熊。,,,,,,,,,,
,,,,2,Is Elsa someone who likes to record her daily life in words? ,"多线索推理,人物属性建模",Yes.,,模型需要定位多个片段，例如Elsa写日记的画面以及日记本的画面，可以看到Elsa每天都有写日记，因此她是个喜欢用文字记录日常生活的人。,,,,,,,,,,
,,,,3,What can people use to make homemade energy bars thicker? ,通用知识推理,"Maple syrup, almond butter, water.",Elsa向我们介绍怎么自制能量棒的时候第一次粘稠度不够，于是她加了枫糖糖浆、杏仁酱，第二次又加了水，由此可知自制能量棒可以用枫糖糖浆、杏仁酱、水增加黏稠度。,模型需要定位Elsa自制能量棒的片段，根据片段中Elsa为了增加粘稠度加入的东西得出结论。,,,,,,,,,,
,,,,4,How many shelters did they stay in? ,多线索推理,Three.,,模型需要定位多个片段，识别画面中不同的庇护所并做出统计，可以看到他们一共住了三个庇护所。,,,,,,,,,,
,,,,5,Does Elsa run regularly? ,人物属性建模,Yes.,,模型需要定位Elsa说自己从来没有体会过“runner’s high”，但是这次她体会到了“hiker’s high”，说明她平时总会跑步，但是没体会过“runner’s high”的感觉。,,,,,,,,,,
2,https://www.youtube.com/watch?v=sfg-RmuMiq0,20:09,探索 - 体验新事物,1,Is it possible to encounter bears on the red rock trail? ,通用知识推理,Yes.,视频画面中可以看到在red rock trail刚开始的时候就贴着“Be Bear Aware”的标识，由此可知在red rock trail有可能遇到熊。,模型需要定位Mahogany刚开始徒步的片段，根据片段画面中的标识可以知道在red rock trail有可能遇到熊。,,,,,,,,,,
,,,,2,Is Mahogany adventurous or cautious when making decisions? ,人物属性建模,Cautious.,,模型需要定位Mahogany和朋友返程的片段，片段中她们有两个选择，要么跨过溪流返回要么原路返回，她们选择了原路返回，因为跨过溪流有滑倒的可能性，而她还拿着手机和相机，因此选择原路返回，可以看出Mahogany做选择是谨慎的。,,,,,,,,,,
,,,,3,What kind of shoes should you wear when you go hiking after snowing to avoid slipping? ,通用知识推理,Spikes.,视频中Mahogany和朋友在犹豫要不要跨溪流的时候有两个人向他们示范，根据Mahogany的描述，那两个人穿的鞋子带钉子，因此可推测下过雪后去徒步为了不滑倒应该穿钉鞋。,模型需要定位Mahogany和朋友在犹豫要不要跨溪流的片段，根据Mahogany对路人装备的描述可知那两人穿着钉鞋，很轻松就跨过了溪流，因此可推测下过雪后去徒步为了不滑倒应该穿钉鞋。,,,,,,,,,,
,,,,4,Is Mahogany an experienced hiker? ,人物属性建模,No.,,模型需要定位视频开头，Mahogany说这是她第一次徒步，因此她不可能是有经验的hiker。,,,,,,,,,,
,,,,5,Is Mahogany a student? ,人物属性建模,Yes.,,模型需要定位视频最后，片段中Mahogany说自己回到学校了，由此判断她是个学生。,,,,,,,,,,
3,https://www.youtube.com/watch?v=ajbooXnvsE8,31:14,探索 - 体验新事物,1,Which city do Safiya's parents live in? ,人物属性建模,Chicago.,,根据Safiya的介绍，California Zephyr火车是从旧金山开往芝加哥的，Safiya说这趟旅程顺便可以拜访一下自己父母，因此可推测Safiya父母住在芝加哥。,,,,,,,,,,
,,,,2,Which lounge do you go to for the best views on the California Zephyr train? ,"多模态/多语言推理,通用知识推理",The Sightseer Lounge.,视频中Safiya说California Zephyr火车上有专门看风景的车厢，根据画面中的文字可知这个车厢叫做Sightseer Lounge，由此可知在California Zephyr火车上如果想更好地欣赏风景，可以去Sightseer Lounge。,模型需要定位Safiya介绍California Zephyr火车的片段，根据片段中的介绍可知火车上有专门看风景的地方，根据视觉看到画面上显示的是Sightseer Lounge，因此Sightseer Lounge是专门看风景的车厢。,,,,,,,,,,
,,,,3,What is the relationship between Safiya and Tyler? ,人物属性建模,Husband and wife.,,模型需要定位到Safiya提到她和Tyler已经结婚的片段，可知两人是夫妻。,,,,,,,,,,
,,,,4,Where did Safiya and Tyler go after getting off the train at Grand Junction?,多跳推理,A convenience store.,,模型需要首先定位火车停靠Grand Junction站的片段，再根据之后的画面分析两人去了哪里，可以从画面中看到他们去了便利店。,,,,,,,,,,
,,,,5,What kind of store is ACME? ,"多模态/多语言推理,通用知识推理",A dessert shop.,视频中Safiya在ACME门口停下，问Tyler想不想吃芝士蛋糕，再根据画面中ACME店内摆的东西是一些甜品，可推测ACME是一家甜品店。,模型需要定位他们在丹佛的片段，根据听觉听到Safiya问Tyler想不想吃芝士蛋糕，再根据视觉看到画面中Safiya停在ACME门口以及ACME店内的画面可知ACME是一家甜品店。,,,,,,,,,,
4,https://www.youtube.com/watch?v=DcQirGief28,35:34,探索 - 体验新事物,1,How many times have Kara and Nate been to Saudi Arabia? ,人物属性建模,Second time.,,模型需要定位Nate提到他们上次来沙特是在2016年，因此可知这是他们第二次来沙特阿拉伯。,,,,,,,,,,
,,,,2,What is the last mode of transportation before going to the overwater villas? ,多跳推理,Boat.,,模型需要首先定位Kara and Nate到达overwater villas的片段，再根据该片段之前乘坐的交通工具得出结论，可以看到他们是坐船到达overwater villas的。,,,,,,,,,,
,,,,3,What can people use to supplement their nutrition in the absence of nutrients in the wild?,通用知识推理,AG1.,视频中Kara说自己在旅游过程中总是缺乏营养摄入，所以她会额外喝AG1，由此可知AG1可以用来补充营养。,模型需要定位Kara介绍AG1的片段，根据片段中的话可知AG1富含多种维生素和营养，因此在野外获取的营养不够可以用AG1补充。,,,,,,,,,,
,,,,4,Can people eat food from different countries in the overwater villas? ,通用知识推理,Yes.,视频中Kara and Nate在overwater villas分别吃了意大利菜、日本菜等等，由此可知overwater villas提供不同国家的菜系。,模型需要定位多个片段，Kara and Nate在overwater villas吃到了意大利菜、日本菜等等，因此在overwater villas可以吃到不同国家的菜。,,,,,,,,,,
,,,,5,Can Kara and Nate use chopsticks? ,人物属性建模,Yes.,,模型需要定位Kara and Nate吃日本菜的片段，片段中Kara and Nate吃面用的是筷子，由此可知Kara and Nate会使用筷子。,,,,,,,,,,
5,https://www.youtube.com/watch?v=PK6G7wr-SA0,23:28,测评 - 工具/机械,1,What is Greg's occupation?,"多线索推理,人物属性建模",Bicycle craftsman.,,模型需要定位到Greg的相关片段，他介绍自己制造老式自行车，并提到“this is where we build old-fashioned bikes”，结合他指导用户骑行并强调“you break it you bought it”，可推断他是一名专业自行车工匠,,,,,,,,,,
,,,,2,Is Eric a person with strong endurance?,"多线索推理,人物属性建模",Yes.,,模型需要定位到Eric的相关片段，他多次抱怨载具不舒适（如Draisine的“worst invention”），但仍坚持完成所有体验，甚至因战斗机剧烈运动呕吐后仍继续拍摄，证明Eric是个拥有很强耐力的人,,,,,,,,,,
,,,,3,Which vehicle does Eric test before the Hennessey Venom F5 supercar?,多跳推理,Husky Racing Yachts.,,模型需要定位到关于Hennessey Venom F5超跑的相关片段，在定位到关于Husky竞速快艇的片段。,,,,,,,,,,
,,,,4,Why is the Draisine initially unpopular?,"多线索推理,通用知识推理",Because it is uncomfortable and impractical.,视频中用户骑行Draisine时多次抱怨“this is the worst invention”和“so uncomfortable”，Greg也提到它曾是“rich person's novelty”，说明其设计缺陷（如无减震）导致实用性低，仅作为富人玩物，故可推理得出结论。,模型需要定位到Draisine的相关片段，得知视频中用户骑行Draisine时多次抱怨“this is the worst invention”和“so uncomfortable”，Greg也提到它曾是“rich person's novelty”，说明其设计缺陷（如无减震）导致实用性低，故推理得出结论。,,,,,,,,,,
,,,,5,Can the rocket sled be used at will?,通用知识推理,No.,"视频提到火箭雪橇“用于测试军事装备”（“they use it to test military equipment”），并需军方许可才能接近，结合其超高速（6,453 mph）特性，推断其设计初衷为模拟极端环境下的武器或装备测试，所以不能随意使用火箭雪橇。",模型需要定位到视频中关于火箭雪橇的相关片段，根据语言信息得知其用于测试军事装备，并需军方许可才能接近，结合其超高速特性，推断其设计初衷为模拟极端环境下的武器或装备测试，所以不能随意使用火箭雪橇。,,,,,,,,,,
6,https://www.youtube.com/watch?v=h5Zwg3Ag-bE,28:17,测评 - 其他,1,What is the relationship between Bob Flagerfeld and Rod Stewart?,人物属性建模,Bob Flagerfeld is a fan of Rod Stewart.,,模型需要定位到两人的相关片段，根据语言信息得知Bob Flagerfeld是Rod Stewart金曲集的铁粉，尤其喜欢第九首歌，所以得出结论“Bob Flagerfeld is a fan of Rod Stewart”。,,,,,,,,,,
,,,,2,Do Bob and Mehdi have a good relationship?,"多线索推理,人物属性建模",No.,,模型需要定位到两人的相关片段，他们多次互相嘲讽（如鲍勃说“你别电着自己就行”，迈赫迪回击“你死定了”），并强调这是“垃圾话对决”，由此推理出他们关系并不好。,,,,,,,,,,
,,,,3,"Before crystal lamp, what is the subject of the experiment?",多跳推理,Lithium battery.,,模型需要定位到水晶灯作为实验对象的相关片段，然后在定位到锂电池作为实验对象得相关片段。,,,,,,,,,,
,,,,4,"Which is more destructive, lightning or lasers?","多线索推理,通用知识推理",Lightning.,根据得分，闪电比激光得分高，得出应该是闪电破坏力更强。,模型需要定位到闪电和激光的对比，根据最后比分得知闪电的破坏力更强。,,,,,,,,,,
,,,,5,Can lasers effectively melt ice?,通用知识推理,No.,视频中解释冰的透明性使激光穿透而非吸收，导致热量无法积累，所以可以推理得出结论，激光不能有效地溶解冰。,模型需要定位到关于激光融化冰的相关片段，根据语言得知冰的透明性使激光穿透而非吸收，导致热量无法积累，所以可以推理得出结论，激光不能有效地溶解冰。,,,,,,,,,,
7,https://www.youtube.com/watch?v=JdFRjsEZrmU,20:36,测评 - 其他,1,What is the relationship between Kevin and Nigel?,人物属性建模,They are competitors.,,"模型需要定位到视频中二人的相关片段，Mark以""邀请""形式召集两人对决，所以得知他们是竞争者。",,,,,,,,,,
,,,,2,What is Mark Rober's occupation?,"多线索推理,人物属性建模",Game designer.,,模型需要定位到Mark的相关片段，得知他开发罗布乐思游戏《火箭制造者》长达一年，并参与游戏机制设计，表明其游戏设计师身份。,,,,,,,,,,
,,,,3,How many rounds does the wildcard win?,多线索推理,Four rounds.,,模型需要定位到视频中wildcard选手的相关片段，得知他在平板电脑、冰板、棒球棍和钻石四轮中通过暴力物理破坏（如激光、铁砧）超越岩浆/酸的表现，所以得出结论是Four rounds。,,,,,,,,,,
,,,,4,Can plastic toys be broken down by acid?,通用知识推理,No.,"视频中指出塑料玩具因""高分子聚合物化学结构稳定""难以被酸分解，所以推理得出塑料玩具不能被酸分解。","模型需要定位到分解塑料玩具的相关片段，根据语言信息得知塑料玩具因""高分子聚合物化学结构稳定""难以被酸分解，所以推理得出塑料玩具不能被酸分解。",,,,,,,,,,
,,,,5,"Which is more destructive, magma or acid?",通用知识推理,Magma.,视频中的测试过程中得知岩浆在高温即时破坏上更有效，酸在特定化学反应中有优势，但整体岩浆胜出，所以可推理出岩浆更具破坏性。,模型需要定位到视频中岩浆和酸在测试中的相关片段，在测试过程中得知岩浆在高温即时破坏上更有效，酸在特定化学反应中有优势，但整体岩浆胜出，所以可推理出岩浆更具破坏性。,,,,,,,,,,
8,https://www.youtube.com/watch?v=kcB_HD_-6J8,42:46,纪录片 - 自然,1,What is a special type of fishing called in Sri Lanka?,通用知识推理,Stilt Fishing.,Dominic在斯里兰卡的一片海滩上介绍旁边正在竖着的杆子上钓鱼的人时说这是斯里兰卡的一种特殊钓鱼方式，叫做高跷钓鱼。,模型需定位到Dominic在斯里兰卡的一片海滩上介绍旁边正在竖着的杆子上钓鱼的人时，说这是斯里兰卡的一种特殊钓鱼方式，叫做高跷钓鱼。,,,,,,,,,,
,,,,2,"Why did tea, which originated in China, come to Sri Lanka?",通用知识推理,"Because Britain brought tea to its colony, Sri Lanka.",Dominic在开车前往茶园的时候介绍斯里兰卡是世界上主要的茶叶出口国，斯里兰卡在1948年是英国的殖民地，茶叶也由英国从中国带往斯里兰卡。,模型需定位到Dominic在开车前往茶园的时候介绍斯里兰卡是世界上主要的茶叶出口国，斯里兰卡在1948年是英国的殖民地，茶叶也由英国从中国带往斯里兰卡。,,,,,,,,,,
,,,,3,Is Dominic a bold man?,人物属性建模,Yes.,,模型需定位到视频全程，Dominic敢徒手抓眼镜蛇和蜥蜴等具有攻击性和毒性的野生动物，因此可以看出Dominic是一个胆量很大的人。,,,,,,,,,,
,,,,4,What animal is Vimu Wonga well versed in?,人物属性建模,Cobra.,,模型需定位到视频后期Dominic去拜访的一位专家Vimu Wonga，在介绍这位专家时说他是眼镜蛇专家，对眼镜蛇的研究非常深入，在斯里兰卡当地，人们遇到眼镜蛇都会找Vimu Wonga去帮忙。,,,,,,,,,,
,,,,5,What is the commom head movement that people in Sri Lanka make when they speak?,"多模态/多语言推理,通用知识推理",Headshake.,Dominic在斯里兰卡买当地食物时，摊主在听了Dominic的购买要求后说可以但是却在摇头，Dominic介绍说在斯里兰卡有一个有趣的现象是大家不论说什么都会有一个摇头的动作。,模型需定位到Dominic在斯里兰卡买当地食物时，摊主在听了Dominic的购买要求后说可以但是却在摇头，Dominic介绍说在斯里兰卡有一个有趣的现象是大家不论说什么都会有一个摇头的动作。,,,,,,,,,,
,,,,6,What is Dominic's favorite tea?,人物属性建模,Ceylon Tea.,,模型需定位到Dominic在茶园喝茶时，他分别品尝了三杯茶，他说他最喜欢最后一杯兰茶。,,,,,,,,,,
9,https://www.youtube.com/watch?v=x6uH9nkLIPA,20:41,探索 - 参观,1,Is Nour a successful entrepreneur?,"多线索推理,人物属性建模",Yes,,整个视频出现了Nour的房子，资产和企业，还提到了他如何管理企业，如何工作，它有许多个企业，而且他才23岁，都体现了他是一位成功企业家。,,,,,,,,,,
,,,,2,What Nour drinks every day?,"多跳推理,人物属性建模",The drink that is alcohol-free.,,"视频里博主在参观Nour家的豪宅时，说到在这喝一杯可真不错，Nour回答说“I don't drink”,让博主感到十分诧异，夸赞他是个good man,可推断出Nour每天只喝无酒精的东西。",,,,,,,,,,
,,,,3,"If people want to manage their finances, which app can they use？","多模态/多语言推理,通用知识推理",The Stripe.,在博主请求Nour展示下他的账户时，他拿出手机打开了stripe软件，上面有着他这个月的花销详情，并且nour也说到“It's a peocessor machine.”，由此可知stripe是一个理财软件。,模型需定位到finance片段，根据Nour的手机显示画面及语言信息，可知stripe是一个理财软件。,,,,,,,,,,
,,,,4,What is the most important thing entering the trade business?,"多跳推理,通用知识推理","Don't skip education, keeping studying.",视频中作者让Nour给其他想做贸易的人给予经验，其中提到了最重要的就是在互联网时代人们急着挣钱而忽视了做重要的教育学习部分，因此推断出不管做什么学习都是最重要的。,视频里Nour给的最大的建议就是不要跳过教学习而想直接去挣到钱。,,,,,,,,,,
,,,,5,What is Nour's biggest piece of advice?,"多线索推理,多模态/多语言推理",Execution,,Nour在对想要成功的人的建议里提到了很多条，但是综合起来都是需要具有执行力，想做一件事必须要行动起来。,,,,,,,,,,
10,https://www.youtube.com/watch?v=LaHXAamLglA,25:40,vlog - 工作,1,What drink does Shaun always drink early in the morning?,"多线索推理,人物属性建模",Rockstar Energy Drink.,,模型可以抓取到多次Shaun打开这个饮料，时间都是在正式工作开始之前。,,,,,,,,,,
,,,,2,What is Shaun's routine after work?,"多线索推理,人物属性建模",Workout at the gym.,,模型可以抓取到Shaun在下班后在车里提到要去健身房。,,,,,,,,,,
,,,,3,What are the two qualities should the doctor's notes have?,通用知识推理,Updated and accurate.,Shaun提到他因为时间匆忙在写病历的时候犯的错误，其中是保留了之前的内容，因此可得知病历只需要最新的内容；其次他提到病历是后续其他医生治疗病人的依据，因此必须保证期准确性，由此得出病例必须具备的两个特性。,模型可以从shaun讲述他在写病历时犯得错误里分析出这两个要点。,,,,,,,,,,
,,,,4,On which day of the week did Shaun have most surgeries?,多线索推理,Tuesday.,,模型可以抓取每天Shaun的工作安排，通过对比得出结论。,,,,,,,,,,
,,,,5,How do resident physicians in the Southern Hill Hospital&Medical Center enter their office?,"多跳推理,通用知识推理",Swipe the access card.,博主介绍自己是一名resident doctor，每当他去工作时，镜头总会出现一家叫the Southern Hill Hospital&Medical Center的医院，可知博主就是这家医院的医生，每当他进入办公室时，都要刷卡进入，得出答案,博主介绍自己是一名resident doctor，每当他去工作时，镜头总会出现一家叫the Southern Hill Hospital&Medical Center的医院，可知博主就是这家医院的医生，每当他进入办公室时，都要刷卡进入，模型需掌握以上信息，整合多次博主进入办公室的画面，得出答案,,,,,,,,,,
11,https://www.youtube.com/watch?v=pgk-719mTxM,38:34,教学 - 课堂互动,1,In which country is the Leadership Public School located?,"多模态/多语言推理,通用知识推理",America,字幕和老师都有介绍这是在Richmond的一所学校，但在很多国家都有叫Richmond的城市，但老师在介绍自己工作、求学经历的时候提到的基本都是美国地名，并且屋子里的人操着一口标准美音，墙后还挂着美国总统画像，推测出是在美国。,字幕和老师都有介绍这是在Richmond的一所学校，但在很多国家都有叫Richmond的城市，但可根据老师的介绍、学生的口音、教室的布置推测出是在美国。,,,,,,,,,,
,,,,2,Is uniform compulsory in Leadership Public School in Richmond?,"多模态/多语言推理,通用知识推理",No,只能说明这个课堂是有专门的衣服，但不强制要求学生穿。,"需要仔细观察教室里所有学生的着装，部分学生穿着一样的衣服，但有的穿着自己的衣服,可见穿校服并不是强制性要求。",,,,,,,,,,
,,,,3,How many students in the classroom are wearing blue tops?,多线索推理,One,,仔细观察教室里所有学生的着装，不要忽略远处被遮挡的学生，注意只是上衣，只有一个人穿着蓝色的衣服。,,,,,,,,,,
,,,,4,Is the teacher Mr. Hester in positive?,人物属性建模,Yes,,这位老师擅长用小游戏调动学生积极性，肢体语言积极，活力满满，是个非常积极向上的人。,,,,,,,,,,
,,,,5,How many people are sitting behind Maria?,多线索推理,Two,,需要在老师介绍学生名字的时候确定谁是玛丽亚，然后捕捉玛丽亚身后有几个人，一共两个。,,,,,,,,,,
,,,,6,Does Mr. Hester have a beard or a moustache?,人物属性建模,Bread,,定位能看清老师全脸的片段，他的胡子是覆盖下巴和脸颊的络腮胡，不是八字胡。,,,,,,,,,,
,,,,7,Did Mr. Hester put all the papers he took from Maria on the floor or on the table?,多跳推理,On the floor,,定位到学生们进行递纸游戏的片段，当所有纸张汇集到玛丽亚这里，这位老师拿过这些纸张后直接放到了地板上。,,,,,,,,,,
,,,,8,Does the binder have red or blue patches on the sides?,多模态/多语言推理,Red,,定位到老师介绍活页夹的片段，这个活页夹整体是白色的，侧边有红色的色块。,,,,,,,,,,
12,https://www.youtube.com/watch?v=prdfejAsrNI&list=PL0LQM0SAx602QkOMqFv7bu4mHZveMPcsp,25:56,探索 - 参观,1,Was there amber in the Baltic Sea during the Fatimid period?,通用知识推理,No,视频中提到，波罗的海的琥珀来自埃及北方，由此可知，波罗的海本地在当时并没有湖泊，只能进口。,模型需定位到解说法蒂玛王朝时期的片段，解说中提到，埃及一直是交通枢纽，从省级城镇的进口商品中都可以看出，比如，波罗的海的琥珀来自埃及北方可知，波罗的海本地在当时并没有，只能进口。,,,,,,,,,,
,,,,2,Had the research on the long-term preservation of paper begun during the Tubo period？,"多模态/多语言推理,通用知识推理",Yes.,视频中提到从藏经洞中发现了许多经文纸张，从视频拍摄的图片可以看出上面的文字还是清晰可见，由此可知，吐蕃时期已经有了对纸张长时期保存的技术的研究和应用。,模型需定位到解说藏经洞的经文的片段，通过观察可以看到经文保存十分完好，结合当时的历史时期可以得知，当时已经有了对纸张保存技术的应用。,,,,,,,,,,
,,,,3,Is Ping shocking and admiring or indifferent  towards the 2.5-meter-high silk embroidery?,人物属性建模,Shocking and admiring.,,模型需定位到介绍2.5米丝绸刺绣的片段，ping的解说中提到，这是当时藏经洞中最壮丽的展品之一，由此可见ping对这件展品十分的震撼与欣赏。,,,,,,,,,,
,,,,4,Does Sue like or dislike the processional cross on display?,"人物属性建模,多模态/多语言推理",She like it,,模型需定位给到sue解说游行十字架的片段，视频中她提到这是一件华丽的展品，是当地繁荣艺术交流的证明，制作材料光泽优美，并且拍摄到她在玻璃前欣赏的画面，通过观察她的神态可以看出很认真，由此可以看出她喜欢这件展品。,,,,,,,,,,
,,,,5,What are the two colors of the water bottles carried by the Bactrian camels on display?,多模态/多语言推理,Green and orange,,模型需定位到介绍中国工匠制成的陶瓷双峰骆驼展品的片段，解说中提到它还携带了中亚风格的水壶，通过拍摄的画面可以看到是绿色和橙色混杂的。,,,,,,,,,,
13,https://www.youtube.com/watch?v=5YnZWiUHBnY,35:36,vlog - 宠物,1,Can Lisa imitate the sound of a cat?,人物属性建模,Yes.,,模型需要定位到Lisa和猫咪互动的视频片段，可以看到她会发出的一些声音与猫咪很像，并且猫咪和Lisa进行互动等等，由此可以推出她是可以模仿猫咪的声音。,,,,,,,,,,
,,,,2,"In Sydney, is Lisa well-known as a pet sitter or not?",人物属性建模,Well-known.,,模型通过分析她对她自己介绍，比如她现在有大约300条评论，她在排名方面占据这个地区的主导地位，可以知道她在宠物寄养照顾方面是出名的。,,,,,,,,,,
,,,,3,What kind of bugs are commonly attracted to cat food?,通用知识推理,Ant.,博主介绍很多人都在面临蚂蚁爬进猫粮的问题，并且给出相应的解决方案，就是把猫粮碗放在一盘水上，可以避免蚂蚁爬进食物的情况，由此可以推出猫粮容易吸引蚂蚁。,模型需要定位到博主分享大家面临的问题-蚂蚁爬进猫粮，并且给出解决方案，可以推出猫粮容易吸引蚂蚁。,,,,,,,,,,
,,,,4,Is being a pet sitter a busy job or a relaxing one during holidays in Sydney?,"多模态/多语言推理,通用知识推理",Busy one.,通过博主的描述以及视频的展示（她列出的每日工作安排），可以看到在节假日是十分忙碌的，甚至没有时间吃早饭。,模型需要分析整个视频片段，分析Lisa的今日工作内容以及未来几天的工作安排，可以推出这份工作在节假日是很忙碌的。,,,,,,,,,,
,,,,5,What color is Willow?,多模态/多语言推理,Brown.,,模型需要找到Willow这个关键词，可以得到Willow是她的宠物狗，通过视觉分析，可以得出Willow是棕色的。,,,,,,,,,,
14,https://www.youtube.com/watch?v=tIwlsS71NKA&list=LL&index=80,20:01,纪录片 - 自然,1,Who are the famillies of George? ,"多线索推理,人物属性建模","His wife Tera, daughter Liv, and son Bodhi.",,模型需要浏览整个视频，Tera和Bodhi很早出现在视频中，但并没有表明他俩的名字与身份，模型需要对几人在多个片段中持续追踪，才能将Tera和Bodhi在家庭中的信息对应上,,,,,,,,,,
,,,,2,"If you come to the Maasai tribe in Africa, what ritual will the  Maasai tribe use to welcome you? ","多线索推理,通用知识推理",A dance and beautiful songs.,在George一家人第一次进入Maasai tribe和外出观看非洲象回程，Maasai tribe的人都用舞蹈和歌声欢迎他们，由此推断，当有人来参观Maasai tribe时，Maasai tribe的人都会用舞蹈和美妙歌声进行欢迎。,模型需要定位到George一家人第一次进入Maasai tribe和外出观看非洲象回程的不同片段，通过两次进入部落Maasai tribe的人都会用舞蹈和歌声进行欢迎推断，Maasai tribe欢迎仪式为舞蹈和歌。,,,,,,,,,,
,,,,3,What is the relationship between Liv and George? ,人物属性建模,Father and daughter.,,模型需要对Liv and George进行持续追踪，通过一路上George对liv的照顾以及liv的称呼，模型可推断两人为父女关系。,,,,,,,,,,
,,,,4,"If your sleep quality is poor, what equipment should you prepare most at night to ensure good sleep in Amboseli national park? ",通用知识推理,Ear plugs.,Tera在入住 Amboseli national park时看到手册上写到，Amboseli national park晚上会有狼的嚎叫、狮子的吼叫以及大象的叫声，由此推断Amboseli national park晚上是一个不太安静的地方，睡眠差的人最需要带的装备是耳塞。,模型需要定位到Tera在入住 Amboseli national park片段，通过Tera描述公园环，模型可推测环境嘈杂有很多动物叫声，睡眠质量不好的人来到 Amboseli national park，最应该戴耳塞。,,,,,,,,,,
,,,,5,How do primitive tribes like the Maasai tribe obtain fire? ,多模态/多语言推理,By ancient fire-making methods using friction.,,模型需定位到George一家参观Maasai tribe片段，George说Maasai tribe有自己古老的取火方式，这时镜头排到Maasai tribe几人围在一起钻木头取火，由此结合运用多模态模型可判断Maasai tribe靠钻木产生的摩擦取火。,,,,,,,,,,
15,https://www.youtube.com/watch?v=Ee9Ltzh--FM,23:31,vlog - 出行,1,What hairstyle is Birta used to making when her hair is oily?,人物属性建模,She puts her hair in a bun.,,模型需要定位开头Birta说自己今天要盘发，因为自己的头发状态不好，可能是因为纽约太热或太潮湿了，根据画面可以看到Birta头发不蓬松，可能是油了，由此推测Birta在头油的时候会选择把头发盘起来。,,,,,,,,,,
,,,,2,Is Maman a good breakfast place to go? ,"多模态/多语言推理,通用知识推理",No.,视频中有Birta在Maman吃早餐的画面，根据Birta后来的评价可知Maman的产品做的不好看，虽然味道还可以但是不值那个价，由此可推测Maman不推荐去。,模型需要根据视觉看到他们去的早餐店叫Maman，再根据Birta的评价可知这家店的东西不值那个价，所以是不推荐去的。,,,,,,,,,,
,,,,3,Does Birta bargain? ,人物属性建模,Yes.,,模型需要定位他们去布鲁克林跳蚤市场的片段，根据片段中Birta向我们展示她买的鞋子可知这双鞋原价50块，她40块就买到了，由此可知Birta会砍价。,,,,,,,,,,
,,,,4,Does Arabica allow pets? ,通用知识推理,"Yes, they're allowed.",视频中Arabica店内可以看到有宠物狗，因此可知宠物允许进入Arabica。,模型需要定位他们在Arabica的片段，根据片段中画面出现的宠物狗可知宠物允许进入Arabica。,,,,,,,,,,
,,,,5,What mode of transportation did Birta use to get to Williamsburg? ,多跳推理,Bicycle.,,模型需要首先定位他们在威廉斯堡的片段，再根据该片段前面的片段画面进行分析，可以看到他们去威廉斯堡时骑了自行车。,,,,,,,,,,
16,https://www.youtube.com/watch?v=Xg_2eummERY,23:47,vlog - 运动,1,What is Garmin?,通用知识推理,A sports watch.,视频中Kris向我们介绍了Garmin，根据Kris的介绍，Garmin可以选择很多运动模式，可以检测运动的时间、心律等等，由此可知Garmin是一款运动手表。,模型需要定位Kris介绍Garmin的片段，根据kris的介绍以及画面内容可知Garmin是运动手表。,,,,,,,,,,
,,,,2,Is Kris single? ,人物属性建模,No.,,模型需要定位视频开头，Kris说自己刚刚度假回来，这次度假因为她男朋友/老公（原文：my man）工作表现好，公司的奖励，由此可知Kris不是单身。,,,,,,,,,,
,,,,3,How many times did Kris go to the gym in the video? ,多线索推理,4 times.,,模型需要定位多个片段，识别判断中Kris去健身房的画面，最后统计共出现了几次健身房画面，我们可以看到一共去了四次。,,,,,,,,,,
,,,,4,Will the San Francisco Marathon route include ups and downs? ,通用知识推理,Yes.,视频中kris有天跑步时有好几处上坡下坡，Kris说正好为比赛做准备，由此可推测The San Francisco Marathon比赛的路线中也会有上下坡。,模型需要定位Kris星期二跑步的片段，片段中Kris在跑步时遇到几处上下坡，说正好为比赛做准备，因此The San Francisco Marathon比赛的路线中也会有上下坡。,,,,,,,,,,
,,,,5,What magnification is Kris used to using when taking photos? ,人物属性建模,0.5x.,,"模型需要定位Kris说自己手机的0.5倍照相功能坏了，她很崩溃用不了0,5倍照相，由此可知Kris平时是很喜欢用0,5倍镜头拍照的。",,,,,,,,,,
17,https://www.youtube.com/watch?v=nTXgu7pncN0,23:45,vlog - 居家,1,Is Beth single? ,人物属性建模,No.,,模型需要根据整个视频，画面中多次出现男人的身影，并且Beth 说自己和卡尔之后会经常出去旅行，可推测卡尔是Beth 的男朋友，因此Beth 不是单身。,,,,,,,,,,
,,,,2,Does Carl work at home? ,人物属性建模,Yes.,,模型需要根据Beth 的话，卡尔在家里有一个办公室，Beth 说卡尔的衣服在他的办公室，因为他经常在那里，由此可知卡尔会在家办公。,,,,,,,,,,
,,,,3,How can you keep your drawers more organized? ,通用知识推理,Use small baskets to keep different items separate.,视频中Beth 会用多个小篮子装不同的物品，这样原本杂乱的抽屉就变得整洁很多。,模型需要定位Beth 整理客厅抽屉的片段，根据片段中抽屉整理前后的画面对比可以看到Beth 用小篮子把不同的东西分来装，以此让抽屉变整洁。,,,,,,,,,,
,,,,4,How many times does Beth use the washing machine in the video? ,多线索推理,Twice.,,模型需要定位Beth 使用洗衣机的片段，统计一共出现了几次，可看到一共出现了两次。,,,,,,,,,,
,,,,5,How can you save time cleaning your bathroom? ,通用知识推理,Spray bleach in advance and clean while you're in the shower.,Beth 在视频中说清理浴室需要提前喷好漂白剂，在静置的时候可以做别的事，然后一个小技巧是一边洗澡一遍清理，可以推测这样是为了更好地管理时间。,模型需要定位Beth 清理卫生间的片段，根据片段中Beth 说的小技巧得出结论。,,,,,,,,,,
18,https://www.youtube.com/watch?v=FWDZAwfOxNg,23:08,vlog - 派对,1,When is Fernanda's birthday? ,"人物属性建模,多模态/多语言推理",10.14.,,模型需要通过视觉看到画面上显示的日期是10月14日，再根据Fernanda说的话可知这天是她的生日，因此Fernanda的生日是10.14。,,,,,,,,,,
,,,,2,Is Haven a chain? ,通用知识推理,Yes.,视频中Fernanda说今天来的Haven是位于兰利的，她之前也去过一家Haven不过是在科罗拉多，由此可推测Haven是一家连锁店。,模型需要定位Fernanda去Haven吃晚饭的片段，根据片段中Fernanda的话可知不止有一家Haven，因此这是家连锁店。,,,,,,,,,,
,,,,3,What kind of shop is The Little White House? ,"多模态/多语言推理,通用知识推理",A British-style afternoon tea shop.,视频中Fernanda和Jacob到了The Little White House这家店，Fernanda说Jacob点了英式下午茶，自己点了一些甜品来配下午茶，由此可知The Little White House是一家英式下午茶店。,模型需要根据视觉看到Fernanda和Jacob到的店叫The Little White House，再根据Fernanda的介绍识别到他们点的都是英式下午茶相关的食物，由此可知The Little White House是一家英式下午茶店。,,,,,,,,,,
,,,,4,Who is Jacob? ,人物属性建模,Fernanda's boyfriend.,,模型需要定位Fernanda和Jacob在一起的片段，根据片段中Fernanda的话和两人的互动可推测两人是情侣。,,,,,,,,,,
,,,,5,Where did Fernanda and her friends go after the party at her house? ,多跳推理,Red Room Night Club.,,模型需要首先定位Fernanda和朋友在家中办派对的片段，再根据之后的片段看到他们去了酒吧，根据画面上的文字得知他们去的酒吧叫Red Room Night Club。,,,,,,,,,,
19,https://www.youtube.com/watch?v=fGVpEGVWTpg,20:43,测评 - 工具/机械,1,What is Yuri’s marital status?,人物属性建模,Married.,,模型需要定位到Yuri得相关片段，他提到妻子对内饰设计的评价（“my wife said it’s ombre”），间接表明他已婚。,,,,,,,,,,
,,,,2,What is the relationship between Yuri and Jacob?,"多线索推理,人物属性建模",They're colleagues.,,模型需要定位到Yuri和Jacob的相关片段，他们在试驾2025款日产Murano。他们讨论了车辆的设计、性能、内饰、竞争对手等，由此可以推测他们是同事。,,,,,,,,,,
,,,,3,Which cabin feature is criticized immediately before testing driving dynamics?,多跳推理,Touch-sensitive climate controls.,,模型需要定位到动态驾驶反馈的位置，视频集中吐槽中控台的触控按键（如“I hate dumb touch buttons on wood”），随后切换至驾驶模式讨论（“put it into sport mode”）,,,,,,,,,,
,,,,4,"How is the 2025 Murano's acceleration response, good or poor?",通用知识推理,Poor.,视频中多次提到“launch control”失败（“launch control oh my weakest brake boost of all time”）及标准/运动模式下油门响应迟缓（“eco mode加速几乎被侧撞”），明确指向加速性能问题。,模型需要定位到the 2025 Murano的相关片段，根据语言信息“launch control”失败（“launch control oh my weakest brake boost of all time”）及标准/运动模式下油门响应迟缓（“eco mode加速几乎被侧撞”），明确指向加速性能问题。,,,,,,,,,,
,,,,5,Is the 2025 Murano's cornering performance consistent?,通用知识推理,Yes.,视频强调“handling through corners... wants to rotate”及“all-wheel drive系统主动分配扭矩”，证明弯道稳定性被认可。,模型需要定位到the 2025 Murano的相关片段，根据语言信息“handling through corners... wants to rotate”及“all-wheel drive系统主动分配扭矩”，证明弯道稳定性被认可。,,,,,,,,,,
20,https://www.youtube.com/watch?v=pyAkHBjNLS8,23:47,测评 - 工具/机械,1,What is the primary occupation of Thomas and James?,人物属性建模,Automotive reviewers.,,"模型需要定位到两人的相关片段，根据语言信息得知他们属于频道""Throttle House""，并进行车辆评测、赛道测试等（""we do car reviews, track tests...""），可推断他们的职业是汽车评论员。",,,,,,,,,,
,,,,2,What is Thomas's marital status?,人物属性建模,Married.,,模型需要定位到视频中关于Thomas的相关片段，根据语言信息（“Thomas introduced his wife”）可以判断他结婚了。,,,,,,,,,,
,,,,3,What is introduced before the chassis and handling performance is introduced?,多跳推理,Power system evaluation.,,模型需要定位到视频中关于底盘与操控性能的相关介绍，再定位到介绍动力系统评测的相关片段。,,,,,,,,,,
,,,,4,Is the Mustang GT MT-82 manual transmission durable?,通用知识推理,No.,"视频指出MT-82因“耐久性问题”常被诟病（""under Fire for its durability or lack thereof""），而Dark Horse改用Tremec进一步佐证此结论，野马GT MT-82手动变速箱不耐用。","模型需要定位到关于Mustang GT MT-82的相关片段，根据语言信息得知MT-82因“耐久性问题”常被诟病（""under Fire for its durability or lack thereof""），而Dark Horse改用Tremec进一步佐证此结论，野马GT MT-82手动变速箱不耐用。",,,,,,,,,,
,,,,5,What is the relationship between the Mustang GT and the Dark Horse trim in terms of transmission options?,通用知识推理,Dark Horse uses Tremec.,"视频明确提到GT使用MT-82变速箱，而Dark Horse和上一代高配车型使用Tremec（""Dark Horse and the Mark 1... got the Tremec""），需通过对比推理两者变速箱差异。","模型需要定位到视频中关于the Mustang GT和the Dark Horse的相关片段，根据语言信息提到GT使用MT-82变速箱，而Dark Horse和上一代高配车型使用Tremec（""Dark Horse and the Mark 1... got the Tremec""），需通过对比推理两者变速箱差异。",,,,,,,,,,
21,https://www.youtube.com/watch?v=zJIGH3e3uhg,24:53,测评 - 工具/机械,1,What is Graham's profession?,"多线索推理,人物属性建模",Off-road expert and judge.,,模型需要定位到Graham的相关片段，得知他负责计时、评分（“judging everything”）并被称为“our off-road expert”，综合推断他是裁判兼专家。,,,,,,,,,,
,,,,2,What is Sam's relationship with Andy?,"人物属性建模,多模态/多语言推理",They're competitors.,,模型需要定位到两人的相关片段结合视觉信息，他们在多个挑战中直接竞争（如泥地爬坡、岩石测试），并互相调侃（例：Sam嘲讽Andy的车辆性能，Andy回应“representing Land Rover”），所以可以得出结论他们是竞争者。,,,,,,,,,,
,,,,3,How many tests are performed in total?,多线索推理,Seven.,,模型需要召回所有测试片段，得知一共进行了七项测试：测试：Drag Race on Muddy Hill，Forest Agility Run，Hill Descent Control Challenge，Rock Crawling，Side Slope Traversal，Controlled Hill Climb，Tiebreaker Hill Sprint。,,,,,,,,,,
,,,,4,Can the Toyota Land Cruiser adjust hill descent speed?,通用知识推理,Yes.,视频中提到丰田的陡坡缓降“able to change the actual speed”，需通过功能描述推断其可调节性，所以推理得出结论丰田陆地巡洋舰可以调整下山速度。,模型需要定位到测试丰田下陡坡时的相关片段，根据语言信息得知丰田的陡坡缓降“able to change the actual speed”，需通过功能描述推断其可调节性，所以推理得出结论丰田陆地巡洋舰可以调整下山速度。,,,,,,,,,,
,,,,5,"Which tires are better balanced, the Land Rover Defender's or the Jeep Wrangler's?",通用知识推理,The Land Rover Defender's.,在侧坡测试（第六挑战）中The Land Rover Defender的轮胎凭借宽胎面与胎肩设计保持稳定（“maximum angle showed 22°”），胎壁未塌陷，与Jeep Wrangler的表现相比可得出结论The Land Rover Defender的轮胎稳定性更好。,模型需要对比就两种车的测试环节，在侧坡测试（第六挑战）中The Land Rover Defender的轮胎凭借宽胎面与胎肩设计保持稳定（“maximum angle showed 22°”），胎壁未塌陷，与Jeep Wrangler的表现相比可得出结论The Land Rover Defender的轮胎稳定性更好。,,,,,,,,,,
22,https://www.youtube.com/watch?v=Xx5RvqhKHgQ,46:03,纪录片 - 自然,1,What is the animal known as the king of rivers?,通用知识推理,Salmon.,视频中在介绍鲑鱼时说到它是河流之王。,模型需定位到视频介绍鲑鱼时说到它是河流之王。,,,,,,,,,,
,,,,2,Where do kingfishers breed?,"多模态/多语言推理,通用知识推理",Tunnel.,视频中介绍翠鸟时，说雄性和雌性翠鸟结合后会先挖一个隧道，接着画面中看到它们在隧道中繁衍哺育后代。,模型需定位到介绍翠鸟时，说雄性和雌性翠鸟结合后会先挖一个隧道，接着画面中看到它们在隧道中繁衍哺育后代。,,,,,,,,,,
,,,,3,Are beavers carnivorous animals?,通用知识推理,No.,视频介绍海狸时说它们以草类为食，并且在后续放养海狸时特地选择了海草丰富的地方。,模型需定位到介绍海狸时说它们以草类为食，并且在后续放养海狸时特地选择了海草丰富的地方。,,,,,,,,,,
,,,,4,What kind of work did Nick Parker's family do?,人物属性建模,Riverkeeper.,,模型需定位到介绍Nick Parker时说他的工作是河流守护者，并且他来自一个河流守护者的家庭，说明他的家人也是同样的工作。,,,,,,,,,,
,,,,5,What kind of animals does Derek breed?,人物属性建模,Beaver.,,模型需定位到介绍海狸时说海狸现在是濒危物种，但目前Derek正在人工饲养海狸，以帮助海狸重新回到大自然。,,,,,,,,,,
,,,,6,How many animals are featured in the video?,多线索推理,Twelve.,,模型需定位到视频全程，共介绍了十二种生活在河流中的动物。,,,,,,,,,,
23,https://www.youtube.com/watch?v=4PmkQUZltpM,,综艺 - 表演/选秀,1,How did Sarah get the chance to come back to Abby's team?,多跳推理,One of the girls went to attend her great grandfather's funeral.,,模型先追踪到Abby欢迎Sarah妈妈的回归，然后她讲述了Sarah获得机会回来的原因。,,,,,,,,,,
,,,,2,"Compared to Kendall, which personality of Jojo stands out more?","多线索推理,人物属性建模",Confident and independent.,,Kendall对不能和旧舞伴搭档感到难过，模型可以在很多片段里捕捉到kendall痛哭、情绪崩溃和无法投入排练的情况。而Jojo对自己非常有信心，非常满意跳独舞的机会。,,,,,,,,,,
,,,,3,"Which future direction do Maddie would take, jobs or competitions?","多跳推理,人物属性建模",More jobs.,,模型可以先追踪到Maddie 妈妈和她讨论这一状况的片段，妈妈说以后会有更多工作，而她们应该变得更加有价值，也就是说Maddie将来会偏向演出工作。,,,,,,,,,,
,,,,4,How do dance companies like Abby's get business?,通用知识推理,Winning competitions to attract potential cusomers.,Abby和女孩们说外面有很多女孩想要和你们一样，也说在比赛中获胜会获得更加潜在客户，由此可推测参加各种比赛拿奖是招揽学生的途径之一。,模型可以捕捉到Abby提到很多女孩都像像这些参赛的女孩一样跳舞，比赛，也说过参加比赛能获得潜在客户。,,,,,,,,,,
,,,,5,Why did Michael Jackson only wear one white glove?,"多线索推理,通用知识推理",One glove is cool and two are ordinary.,Abby的说法是白手套代表棒球手套，MJ喜欢打棒球，但妈妈们表示没听过这种说法，而且经过google，得到的答案是戴一只白手套更酷，所以后者是正确答案。,模型需要分辨关于白手套的不同说法，Abby的说法无法获得验证，而google获得的答案更接近正确答案。,,,,,,,,,,
24,https://www.youtube.com/watch?v=28IV0legidU,29:10,vlog - 学习,1,Which extracurricular community does Nicole attend?,"人物属性建模,多模态/多语言推理",Cheerleading team.,,模型可以捕捉到Nicole提到要去很多篮球赛、橄榄球赛，然后通过视频画面可以得出答案，她参加的是啦啦队社团。,,,,,,,,,,
,,,,2,What is Nicole's presentation about?,多跳推理,Promoting a headphone.,,模型可以捕捉到Nicole和她同学一起做presentation的片段，她们的演讲内容就是介绍耳机的买点和优惠价格。,,,,,,,,,,
,,,,3,What's the function of the massage gun?,"多跳推理,通用知识推理",Relieving the pain of her body.,nicole在提到身体疼痛的时候拿出massage gun，说明它的作用是缓解疼痛。,模型可以追踪到massage gun 出现的片段，那时候Nicole正在说因为太多训练导致身体各部位的疼痛，然后她拿出massage gun就是为了缓解疼痛。,,,,,,,,,,
,,,,4,What is a blue book?,"多模态/多语言推理,通用知识推理",An examination book at San Diego University used to prepare the exam.,"Nicole 在提到准备哲学考试的时候提到需要买一本blue book，在书店的片段中给了这本书封面一个特写，上面写着“examination book"", 说明这本是用来准备考试的。","模型可以追踪到Nicole说考试前需要买blue book，而封面上写着”examination book""，目的是为了准备考试。",,,,,,,,,,
,,,,5,Where does Nicole usually get her coffee?,"多线索推理,人物属性建模",Starbucks.,,模型可以在多个片段中捕捉到Nicole 在starbucks买咖啡。,,,,,,,,,,
25,https://www.youtube.com/watch?v=RhmMqXjlZLg&t=310s,21:07,街头互动 - 采访,1,Does Radina usually prefer spending weekends alone or with friends?,人物属性建模,With friends,,模型需要先定位到Radina与采访人的对话，然后根据Radina对于如何享受生活回答，推出她更偏爱和朋友一起度过周末,,,,,,,,,,
,,,,2,What color is the clothing Anna is wearing?,多模态/多语言推理,Black,,模型需要定位到回答姓名是Anna的人，再确定她衣服的颜色。,,,,,,,,,,
,,,,3,How many houses can Timo's girlfriend sell in a year?,多跳推理,15-20 houses,,模型需要先定位到Timo的女朋友是谁，然后根据她的回答确定买了多少房子。,,,,,,,,,,
,,,,4,Does Kina have a reasonable financial plan?,人物属性建模,"Yes, she has a reasonable financial plan.",,模型要定位到Kina和采访人的对话，然后根据Kina的回答，她每月都会将钱根据需要分成好几部分，并且不会在酒、聚会中多支出，推出Kina有合理的财务规划,,,,,,,,,,
,,,,5,What is the prerequisite for young people to develop independently?,"多跳推理,通用知识推理",A certain amount of personal savings.,通过对学生和职场年轻人的访谈，受访者提到独立发展建议时，一致认为需要攒钱，并且攒钱依赖于有一份工作来提供收入。他们认为，没有一定的积蓄就难以摆脱对他人的依赖，比如父母的经济支持。因此，年轻人独立发展的前提条件可以归结为一定的个人积蓄，因为这是实现经济自主的关键。,模型需要定位到受访者给年轻人建议片段，然后根据他们的回答确定建议是否跟个人独立发展有关。,,,,,,,,,,
,,,,6,What are the main financial support sources for young people during their studies?,通用知识推理,Their parents,视频中所有的学生受访对象无论是有无兼职工作、是否租房都提到了自己的父母支持，故可知学生的主要财务支持来源是他/她们的父母,模型需要定位到各受访者的身份确认是否是学生，然后再根据他们的回答甄别她/他们的主要财务来源。,,,,,,,,,,
26,https://www.youtube.com/watch?v=gXTSO7sw8dA,34:15,探索 - 旅行探险,1,Is Eric an adventurous person?,"多线索推理,人物属性建模",Yes.,,视频中Eric讲述到曾经他买了一张单程票，花了七年的时间在Patagonia进行探索，以及通过相对应的视频片段可以得出答案。,,,,,,,,,,
,,,,2,Is it easy to see glaciers breaking apart?,"多线索推理,通用知识推理",No.,博主介绍说希望今天他们可以很幸运，看到其中一座大冰山断裂，最后，一天结束，也没有看到。可以推出看到冰山断裂不是一件容易的事。,模型需要定位到博主对冰山的介绍，以及对冰山断裂的观点，可以知道答案。,,,,,,,,,,
,,,,3,Which type of movement is more commonly used in the Fitzroy hike?,通用知识推理,Climbing.,根据观察视频里 the Fitzroy hike里周围的地形以及探险家们的移动方式，可以推理出爬行时更常用的，,模型需要综合分析环境地势和比较人物所有的移动方式片段，可以得知爬行是用的最多的移动方式。,,,,,,,,,,
,,,,4,Is Eric someone who enjoys socializing or prefers being alone?,人物属性建模,He's a social person.,,模型通过分析整个视频片段， Eric也多次表达出和团队一起旅行很有趣，并且他很享受和大和世界各地的人一起探索，由此可以推出他是一个喜欢社交的人。,,,,,,,,,,
,,,,5,Do people need to bring waterproof clothing for an adventure in Patagonia?,"多线索推理,通用知识推理",Yes.,通过完整观看此次博主的徒步旅行，可以知道这里的天气是阴晴不定的，甚至会突然开始下雨刮风，由此可以知道需要带一件防水的衣服来应对阴雨天气。,模型需要分析整个片段，综合分析博主在此次徒步过程中遇到的天气，来分析是否需要准备防水的衣服，可以知道是有必要的。,,,,,,,,,,
27,https://www.youtube.com/watch?v=o6zb6_TTVWo,30:39,探索 - 旅行探险,1,How many types of transportation did Luke use to explore Alaska's rainforest?,多线索推理,Three,,模型通过分析整个视频片段，可以得到他使用水上飞机、和独木舟以及自己的双脚进行探索，一共三种。,,,,,,,,,,
,,,,2,"For someone who enjoys sunny weather, is Southeast Alaska’s rainforest a suitable place to explore?",通用知识推理,No.,视频中，Luke介绍说阿拉斯加东南部的温带雨林一年中有270多天都在下雨，说明很少晴天，可以推出这个地方不适合喜欢阳光天气的人来。,模型需要定位到对阿拉斯加东南部的温带雨林的介绍的部分，通过分析这个地方的特点来判断出这个地方适不适合喜欢晴天的人前来。,,,,,,,,,,
,,,,3,Is hunting allowed in Alaska's rainforest or not?,"多线索推理,通用知识推理",Hunting is allowed.,首先，Luke展示了他带的猎枪以及针对不同动物的子弹，以及根据后续他捕猎的视频，可以推出捕猎在这里是允许的。,模型需要分析Luke是否带了猎枪以及是否有进行打猎等行为，可以得出答案。,,,,,,,,,,
,,,,4,Is Luke good at hunting or not?,人物属性建模,He is good at hunting.,,Luke在捕猎方面有着丰富的经验，比如通过借助工具来模仿鸭子的声音，理解鸭子的沟通语言,,,,,,,,,,
,,,,5,Is Luke a lucky guy?,"多线索推理,人物属性建模",No.,,视频需要分析Luke多次捕猎的过程，有天气原因也有时间原因等等，尝试了很多次都没有顺利捕猎到，所以可以推出在捕猎过程中，他是不幸运的。,,,,,,,,,,
28,https://www.youtube.com/watch?v=gwrKLL4Gefg,51:55,探索 - 参观,1,Is the spherical roof of St. Peter's Basilica regular or irregular?,"多模态/多语言推理,通用知识推理",irregular,视频中提到第三位建筑师改变了米开朗基罗的设计，用尖拱形代替了半球形，将屋顶加高了7m，并通过演示视频可知，并不是规则的球形。,模型需定位到介绍教堂的第三位建筑者德拉的片段，视频中提到他改变了上一任建筑者的设计，要在短时间内建成屋顶，因此做出了改变，并结合演示视频可知屋顶是不规则的球形。,,,,,,,,,,
,,,,2,"Besides aesthetic effect, what is other function does the double-layer spherical design on the top of St. Peter's Basilica have?","多线索推理,通用知识推理",It stabilizes the building.,视频中米开朗基罗与德拉在屋顶的设计均有双球型结构，但是都是为了共同承担建筑的重量，因为屋顶完全暴露在风中会不稳定，并且德拉的最终设计外壳更厚更稳固。,模型需定位到米开朗基罗和德拉设计屋顶的片段，两种设计有相似性，但是作用是相同的，就是采用两层屋顶共同分担重量，并且德拉的最终设计外壳更厚，所以是为了稳固建筑。,,,,,,,,,,
,,,,3,Is Della Porta an innovator or a conservative?,人物属性建模,Innovator,,模型需定位到介绍della是如何修改米开朗基罗的设计的片段，他将米开朗基罗设计的优点保留，并且减少时间成本，由此可知他是一个敢于创新的人。,,,,,,,,,,
,,,,4,Was the Pope very attentive to the construction of the obelisk or was he just perfunctory?,人物属性建模,He was very attentive.,,模型需定位到视频介绍obelisk是如何运输并建成的片段，视频中提到，建设在人群中进行，尽管有人围观，但是过程并没有松懈，因为教皇说要杀死任何干扰这项工作的人。由此可知教皇对这项工程非常重视,,,,,,,,,,
,,,,5,Are there any figures painted on the walls inside the Tower of Wind?,多模态/多语言推理,Yes,,模型需定位到介绍风之塔的片段，片段中介绍了风之塔墙壁的高度时拍摄到了内部的墙壁，通过观察可知有人物画像布满墙壁。,,,,,,,,,,
29,https://youtu.be/fuVU64m1sbw?si=Uf2WZZSZU68Sd1WG,24:16,教学 - 技能,1,What's the one of the reason why is clothing waste so severe in the UK?,通用知识推理,Because the British people don't know sewing skills.,Banner说到2021年英国国家丢弃了约546吨的衣物，并且其中五分之一的人表示自己从未学过缝纫技术，有时仅仅是掉了个纽扣就把它扔掉了，两句虽然是并列，但隐藏着因果关系：因为不会缝纫技术才扔衣服，可推断出人们对缝纫技术知识的缺失是导致英国衣服浪费严重的原因之一,"模型需抓住Banner话里的因果关系，推测出人们对缝纫技术知识的缺失是导致英国衣服浪费严重的原因之一
",,,,,,,,,,
,,,,2,"Could Banner possibly like squirrels?
","多线索推理,人物属性建模",Yes.,,Banner在介绍视频赞助商的这款游戏时，说到自己作为自身的啮齿动物爱好者，游戏里的卡皮巴拉就深入我心，松鼠既然也是啮齿动物的一种，那么也同样可能受到博主的喜爱。,,,,,,,,,,
,,,,3,"Will clothing production companies use long or short stitches to reduce production costs？
",通用知识推理,Long stitches.,Banner介绍到表明在服装制作上投入了精力和时间的指标就是衣服的针脚长度，当衣服制作过快时，用的时间短，这样可以节约成本，接着她又介绍到但是这样的长针脚衣服容易损坏，因此可知能节约成本的就是长针脚衣服,模型需定位到Banner介绍针脚的视频片段，整合Banner话里的信息，得出答案,,,,,,,,,,
,,,,4,"How many standards did Banner introduce for identifying the quality of clothes?
",多线索推理,Seven.,,视频中共出现了种标准分别是sitiches length、pattern matching、zippers、serged edges、loose threads、materials、weave7种，需逐一定位并计数,,,,,,,,,,
,,,,5,What material underwear is Banner used to wearing?,人物属性建模,Natural fibers.,,"博主说到她自己穿衣的话，会穿亚麻这种天然材料的衣服，也会穿聚酯纤维这种人造材质的衣服，但贴身衣物的话她会选择天然材料，得出答案
",,,,,,,,,,
30,https://www.youtube.com/watch?v=YLKWCZDgiAQ,20:12,探索 - 参观,1,What the relationship betweem Mark and Asya?,人物属性建模,Couple,,从视频中看出，他们一起去探索旅行，并且一起坐在家里给观众进行推荐和计划，由此推测出他们是一对。,,,,,,,,,,
,,,,2,How to feel the magic of the Cliffs of Moher after trekking to a very limited place?,通用知识推理,Walk straight along the cliff face without turning.,视频定位到莫赫尔悬崖的片段，作者说走到一个地方会很狭窄，但是画面转到继续往前沿着悬崖面走就会很开阔，之后就能感受到悬崖的魅力。因此推测出在莫赫尔悬崖如果走到很狭窄的地方不要右转向左直走之后只需要沿着悬崖面直走。,在到达莫赫尔悬崖后作者提到了达到拐角有几个地方非常有限，但是不要右转，向左直走，接着就看到作者沿着悬崖面直走看到了莫赫尔悬崖的壮观。,,,,,,,,,,
,,,,3,What is in the video that is convenient and saves money?,"多线索推理,多模态/多语言推理",A coffee making cup that you can take with you.,,视频里出现了一个像保温杯的杯子，作者介绍的时候说小巧可以随身携带到任何地方，如果是徒步到山顶也能在没有人烟的地方喝上一杯咖啡，而且有了它更能省下咖啡钱。,,,,,,,,,,
,,,,4,Where is Asya's favorite place?,人物属性建模,Downpatrik Head.,,视频定位到帕特里角的海蚀柱片段，他们在谈论中提到这个景点很热门，可能抱着不大的期待，结果很令人惊喜，因为环境很好很真实，没有门票和人群，没有被过度商业化，由此推测出她很喜欢这里。,,,,,,,,,,
,,,,5,What should people pay attention to when hiking Benbulben mountain?,通用知识推理,Bring a nice pair of waterproof shoes.,视频定位到本布尔曼山，作者提到徒步可能会遇上泥泞的水洼和难走的路，因此推测出徒步本布尔曼山需要带一双好穿的防水鞋的通用知识。,视频定位到本布尔曼山，作者提到徒步可能会遇上泥泞的水洼和难走的路，由此推测出徒步本布尔曼山需要带一双好穿的防水鞋子。,,,,,,,,,,
31,https://www.youtube.com/watch?v=8BPxgu3XGTo,38:07,测评 - 服装,1,How many categories of clothing did the blogger review in total?,多线索推理,Four.,,通过视频片段分析，博主在视频开头提到将有这些分类：睡衣、休闲服、俱乐部服或者外出服、还有舞会礼服。所以一共有四种,,,,,,,,,,
,,,,2,Were cameras widely popular in the 1920s?,通用知识推理,No.,博主介绍说很难找到当时的照片，他们选择的很多东西的灵感都来自于缝纫图案图像，可以知道当时相机还没有普遍流行起来。,模型需要定位到关于20世纪20年代的片段，通过分析博主是否提供了很多当时照片，可以得出答案。,,,,,,,,,,
,,,,3,Is blogger a thoughtful and detail-oriented person?,"多线索推理,人物属性建模",Yes.,,模型通过分析整个视频，博主为了更好的测评不同年代的衣服，还租了类似风格的房子以及汽车进行搭配，还选了很多有特点的一些时代单品进行展示，可见，博主是一个考虑十分周到并且细节的人。,,,,,,,,,,
,,,,4,Does the blogger like the color pink?,"人物属性建模,多模态/多语言推理",Yes.,,由视觉信息可知博主的头发是粉色的，并且她为了完成拍摄，买了一款同样是粉色的假发，展示假发时还说“当然是粉色的了”，可知博主很喜欢粉色,,,,,,,,,,
,,,,5,"For people without pierced ears, which era's earrings can they try?",通用知识推理,The 1920s.,博主介绍说它们是螺丝式的，她从来没有见过这样的耳环，由此可知，对于没有耳洞的人来说，也可以尝试。,模型需要定位到博主关于耳饰的测评，通过分析相对应的特点，得出哪个年代的耳饰更适合没有耳洞的人。,,,,,,,,,,
32,https://www.youtube.com/watch?v=x2Sq6aA5AVU,34:00,测评 - 美妆产品,1,What is the blogger's favorite color?,"多线索推理,人物属性建模",Pink.,,模型需要分析整个视频片段，包括字幕背景颜色、博主的发色以及屋内的装饰，可以推出博主最喜欢的颜色是粉色。,,,,,,,,,,
,,,,2,Where can people buy authentic items from past decades?,通用知识推理,Ebay.,博主介绍说她在ebay上买到了正品雅芳腮红,模型需要分析整个视频，总结博主都是从哪些平台获得过去的年代的化妆品的。,,,,,,,,,,
,,,,3,Which feature of the Cover Girl Oil Control Make-Up makes the blogger feel uncomfortable?,通用知识推理,Its strong scent.,博主介绍说它闻起来像香水，味道很浓烈，之后博主开始担忧她的脸是否会被灼伤等等，由此可推出它浓烈的香味令博主不安。,模型需要定位到博主对Cover Girl Oil Control Make-Up这个产品的测评，通过总结博主对这个产品的评价得出答案。,,,,,,,,,,
,,,,4,Is the blogger knowledgeable about makeup techniques from past decades?,"多线索推理,人物属性建模",Yes.,,博主分别介绍说，对于高光，过去的人们侧重于涂全脸而不是重点提亮的位置；对于腮红，应该涂在脸颊的苹果肌上,,,,,,,,,,
,,,,5,Is the blogger a humorous or a serious person?,"多线索推理,人物属性建模",A humorous person.,,模型需要分析整个视频片段，比如博主使用的特效、背景音乐等等，可以知道博主并不是一个严肃的人，而是一个幽默的人。,,,,,,,,,,
33,https://youtu.be/JluvDFSB_YA?si=2nRzBLhlK0kshSMm,40:48,综艺 - 表演/选秀,1,How many children does Howie have at least？,人物属性建模,Three.,,Howie在节目中提到自己有两个女儿和两个孙女，既然有孙女的话，那他一定至少会有1个儿子，因此他至少会有3个孩子。,,,,,,,,,,
,,,,2,Which contestant did it turn to after Aria finished her performance？,多跳推理,Forest of Hunters.,,模型需先定位到Sofia的表演片段，在定位到下一个参赛者，从而得出答案,,,,,,,,,,
,,,,3,Is Sofia a brave person?,人物属性建模,Yes.,,"这档节目的主题是恐怖主题，需要嘉宾到台上体验各种恐怖事件，在选手叫到Sofia到台上来的时候，她毫不犹豫地上去了，并且在第三位选手邀请她上台时，虽然一开始并不愿意，但另一位嘉宾上去时，她说“I go with you”,面对未知的恐惧她并没有退缩，可见她是个十分勇敢的人",,,,,,,,,,
,,,,4,For which group is the America's Got Talent prepared? Celebrities or common people?,"多线索推理,通用知识推理",Common people.,通过这档节目的参赛选手的自我介绍可知，他们来自各个国家，并且都是普通人民，因此America's Got Talent 这档节目是为身怀才艺的普通人准备的，和明星名人无关,模型可通过这档节目的参赛选手的自我介绍，知晓参赛者都是普通人民，因此America's Got Talent 这档节目是为身怀才艺的普通人准备的，和明星名人无关,,,,,,,,,,
,,,,5,Does the America's Got Talent allow minors to participate？,通用知识推理,Yes.,由节目中参赛者的自我介绍可知，其中有两位选手的年龄都是13岁，都属于未成年人，因此推断出这档节目是允许未成年人参加的。,模型需抓住节目中参赛者的年龄这个关键信息，推断出这档节目是允许未成年人参加的。,,,,,,,,,,
,,,,6,How many times has Rihana participated in this program?,"多线索推理,多模态/多语言推理",Two times.,,在Rihana上场前，有关于她的短片，得知她在决赛的晋级赛中失败了，此时Rihana遗憾地说了一句“我还没有完成”并且视频上方有2018的时间显示，因此可知她不止一次参加过这个比赛，这个比赛结果并非她这次比赛的结果，而是她上次比赛的结果，从而推断出她已参加过两次比赛,,,,,,,,,,
34,https://www.youtube.com/watch?v=qYzx4ZGQnc8,27:03,街头互动 - 社会观察,1,Will the Gospel Rescue Shelter take in all the homeless?,"多线索推理,通用知识推理",No,视频中提到福音救援有27条规则，实际上有些被救助的人并不符合规则，有人说被关在里面像监狱，宠物不允许进入，有时候父母和孩子一个月内无法见面等，由此可知，该救援所并不是会收留所有的无家可归的人。,模型需定位到介绍福音救援所的片段，片段中有流浪者讲述在里面的生活，并且结合cassy对规则的解说可知，该收容所对流浪者是有条件限制的。,,,,,,,,,,
,,,,2,Is the Medford Soup Shelter a nonprofit or for-profit organization?,通用知识推理,For-profit,视频中提到梅德福与其他非盈利组织合作，还提到与非营利组织相比致力于让流浪者离开公园，由此可知，这是一个营利组织。,模型需定位到mark前往梅德福的片段，他介绍了梅德福和非营利组织的区别，由此可知，梅德福是营利组织，与其他机构合作。,,,,,,,,,,
,,,,3,Does Cassy feel sympathy or disgust towards homeless people?,人物属性建模,Sympathy,,模型需定位到介绍mint创始人的片段，片段中cassy作为创始人一直在问候那些无家可归的人，并为他们给予帮助，并没有驱逐他们，由此可知她很同情他们。,,,,,,,,,,
,,,,4,Is Mark a humanitarian?,人物属性建模,Yes.,,"模型需定位到mark提及amber无法支付违规金额的片段，他说无家可归的人只能被驱逐，从一个公园搬到另外的公园，驱逐毫无意义，并且犯罪率也会提升,只有住房能解决这种问题，必须改变homeless无家可归的情况，由此可见Mark关心人的处境，以人为本，是个人道主义者",,,,,,,,,,
,,,,5,What two colors are Laura's walker?,多模态/多语言推理,Black and red,,模型需定位到劳拉讲述自己因身体不便行动而失去住所的片段，片段中她说自己会使用拐杖和助行器，通过观察可以发现她的助行器是红色和黑色的。,,,,,,,,,,
35,https://youtu.be/Chkro9-ITYM?si=LWCwdcR1FX5GHMWn,28:25,纪录片 - 自然,1,Is it convinent ot inconvinent if you wanted to fly to Socotra before 2021？,通用知识推理,Inconvinent.,视频中提到在2021年时，阿拉伯联合酋长国才开通了第一班直飞航班，因此可推断出在这之前，人们要乘飞机来的话只能从其他地方转机，不是很方便。,模型需根据抓住第一班直飞航班的开通时间这个关键信息，推断出在这之前，人们要乘飞机来的话只能从其他地方转机，不是很方便。,,,,,,,,,,
,,,,2,How many profession does Peter have?,"多线索推理,人物属性建模",Three.,,游客在介绍Peter时，分别说到了他是他们的导游、是一家旅行社的老板、还在做关于Socotra岛的博客，因此他一共有三种职业,,,,,,,,,,
,,,,3,Is Yemen's law effective on Socotra？,"多线索推理,通用知识推理",No.,在视频中，Socotra的当地人提到也门法律禁止外国人购买Socotra的土地，然而Ahmed随后说到一些建在Socotra的旅游度假区都是阿拉伯人建的，他们通过中间人购买土地，可知也门的法律并不奏效，外国人依然会通过其他手段得到Socotra土地的使用权。,模型需定位到土地购买片段，再根据Ahmed给出的一系列信息推断出也门的法律是否奏效,,,,,,,,,,
,,,,4,"After introducing the Dragon Blood Tree, what is the next scene to be presented？",多跳推理,The beach of Socotra.,,模型需先定位到龙血树片段，再跟随视频转换下一个场景：Socotra岛的海滩,,,,,,,,,,
,,,,5,Is Suleiman satisfied with his job?,"多线索推理,人物属性建模",Yes.,,视频中提到没有国际捕鱼队到这里打鱼，附近的居民人口也很少，因此竞争很小，因此作为渔民的Suleiman打鱼很容易，几乎每几分钟就能得到一条鱼，并且他一上岸鱼就会被买空，Suleiman的表情也很高兴，可推断出这种工作容易且不愁销路的工作会让他感到很满意,,,,,,,,,,
36,https://youtu.be/gNUFv5q3GOk?si=L0ojS431-Z-RRkRX,36:29,教学 - 手工,1,Is the blogger someone who likes to wear accessories？,"多线索推理,人物属性建模",Yes.,,博主是个手工教学博主，在她每次制作工艺品时，无一例外她都戴着很多的戒指，由此可推断她是个喜欢戴配饰的人,,,,,,,,,,
,,,,2,Is the blogger a person with strong innovation ability or a person with strong imitation ability?,"多线索推理,人物属性建模",A person with strong imitation ability.,,博主介绍她所制作的手工艺品的样式全来自于ins或youtube上的图片，而非自己自创，并且博主制作出的成品与她的参考样式非常相像，可知博主具有很强的模仿能力,,,,,,,,,,
,,,,3,What's the store of Home Depot?,"多模态/多语言推理,通用知识推理",It's a building material store.,博主在讲解她的第三个手工艺品时，说到他用到的塑料管是在Home Depot买到的，此时视频画面可看到Home Depot的画面，除了塑料管，还有其他的建筑材料，如水泥，木板，零件等，可知Home Depot是一家建材店,模型需定位到Home Depot片段，根据听觉得知博主的塑料管就是从这买的，有视觉可知除了塑料管，还有其他的建筑材料，如水泥，木板，零件等，可推断Home Depot是一家建材店,,,,,,,,,,
,,,,4,What is the drawback of the Waverly painting material？,"多模态/多语言推理,通用知识推理",It needs a very long drying time.,博主在制作时，用到了Waverly这种颜料，说到它是available，很好买到，使用的效果也很特殊，很好，但最后博主说到“You have to wait for the dreaded drying time.”说明它的干燥时间非常非常长，可知这是这种颜料的缺点,需要定位到Waverly颜料片段，根据博主的介绍归类出这种颜料的优、缺点，从而得出答案：它的干燥时间非常非常长是这种颜料的缺点,,,,,,,,,,
,,,,5,How many different materials are used to make the forth items?,"多线索推理,多跳推理",Four.,,"模型需定位到第四件物品的制作上，锁定不同的画面得出共使用了几种不同的材,分别是：花环、烛台、胶水和花草装饰品“",,,,,,,,,,
37,https://www.youtube.com/watch?v=AF8d72mA41M,33:44,教学 - 科技,1,Is Nobuo Ogawa a weak or brave boss?,人物属性建模,Brave,,定位到介绍中村修二发明蓝色LED的艰辛岁月，在中村修二屡次失败，其他大企业也没有进展的时候，老板小川信雄拿出了大笔资金支持研发工作，他非常勇敢且坚韧。,,,,,,,,,,
,,,,2,Is zinc selenide yellow or orange?,多模态/多语言推理,Orange,,定位到博主介绍制造蓝色LED的关键材料，zinc selenide和 gallium nitride，仔细辨别两种化合物的颜色，zinc selenide是橘色的。,,,,,,,,,,
,,,,3,Which kind of light can effectively sterilize?,通用知识推理,Ultraviolet light.,视频放了一张使用LED灯的细菌数量对比图片，中村修二也说了我们可以消灭COVID-19，说明这是UV，也就是紫外线的功劳，不是LED灯的作用。,定位到中村修二带领博主参观美国公司的片段，他说该公司的股票在新冠疫情期间大涨，因为大家都要用UV LED灯，可见这种灯能对付病毒。,,,,,,,,,,
,,,,4,Are Nobel Prizes only awarded for inventions of that year?,通用知识推理,No,无法得知诺贝尔奖的评奖标准，但是能确定它奖励的都是很重大的科学突破，不局限于该突破发生的时间。,中村修二是1992年发明的蓝色LED，但是诺贝尔奖是2014年才给他颁奖，可见诺贝尔不是针对本年度的发明创造。,,,,,,,,,,
,,,,5,Does Shuji Nakamura always wear glasses?,"人物属性建模,多模态/多语言推理",No,,需定位全部中村修二的片段，他大部分时间并不戴眼镜，部分动画和在美国的片段是戴眼镜的。,,,,,,,,,,
,,,,6,Who became the CEO of Nichia after Nobuo Ogawa stepped down?,多跳推理,"His son-in-law, Eiji Ogawa",,定位到小川信雄卸任的片段，随后儿子出场，他接任了公司CEO的职位。,,,,,,,,,,
,,,,7,How many red LEDs were shown in the video before Monsanto's green LED appeared?,多线索推理,Three,,视频开头博主介绍红色LED时手里拿了两个红色LED，之后介绍了第一个发明红色LED的人，然后才是Monsonto的绿色LED，一共三个红色LED。,,,,,,,,,,
38,https://www.youtube.com/watch?v=nHFjFXDJgm8,24:53,测评 - 工具/机械,1,Is Mike Quincy praising or criticizing SUV designs?,"多线索推理,人物属性建模",Criticizing.,,"模型需要定位到Mike的相关片段，他明确批评当前汽车市场""SUV overload""（""SUV泛滥""）和""inundated with them""（""被SUV淹没""），并质疑消费者是否已产生""审美疲劳""（""backlash""）。他通过反问句""is any time now there's going to be... people going to say I'm tired of it""强化这一批判立场，表明其核心批评指向SUV设计的同质化泛滥。",,,,,,,,,,
,,,,2,Does Gabe Shanhower prefer Crown Signia or Lexus?,人物属性建模,Lexus.,,"模型需要定位到Gabe的相关片段，他多次提到混合动力系统在高速时的引擎噪音问题（""unpleasant engine noise""），并对比Lexus 500h的动力总成，说明他对丰田混动系统的精细化程度不满。",,,,,,,,,,
,,,,3,What is tested prior to the dynamic validation of the road?,多跳推理,Laboratory digital calibration.,,模型先定位到dynamic validation of the road的相关片段，在定位到Laboratory digital calibration.的片段。,,,,,,,,,,
,,,,4,What vehicle design feature distinguishes Crown Signia from standard Crown?,通用知识推理,Functional hatchback implementation.,"视频中提到Signia是真正的掀背车（""functional hatchback""），而Crown仅是造型类似。需通过对比两款车的行李空间设计差异进行推理，得出结论Functional hatchback implementation。","模型需要定位到视频中提到Signia的相关片段，它是真正的掀背车（""functional hatchback""），而Crown仅是造型类似。需通过对比两款车的行李空间设计差异进行推理，得出结论Functional hatchback implementation。",,,,,,,,,,
,,,,5,What modern safety system reduces tire placement importance?,通用知识推理,Electronic stability control.,"Ryan提到稳定性控制（""stability control mitigated oversteer""）降低了后轮抓地力的绝对需求，但依然建议新胎装后轮。需要理解ESC如何通过制动干预弥补物理抓地力差异，所以推出结论Electronic stability control。","模型需要定位到Ryan的相关片段，提到稳定性控制（""stability control mitigated oversteer""）降低了后轮抓地力的绝对需求，但依然建议新胎装后轮。需要理解ESC如何通过制动干预弥补物理抓地力差异，所以推出结论Electronic stability control。",,,,,,,,,,
39,https://youtu.be/k7Fo6FXlejA?si=XFWacMbcROU6dhoL,21:35,测评 - 服装,1,Is it true that the products in the “Dollor Tree“” in the United States are only sold for one yuan？,通用知识推理,No.,博主拿着15美元的预算到一元商店Dollor Tree购物，但最后这15美元仅仅买到了5件东西，可推断一元商店Dollor Tree的商品并非都是1元,模型需先定位到一元商店Dollor Tree片段，再根据预算和买来的物品数量是否一致，来推理出答案。,,,,,,,,,,
,,,,2,What's Hope's favourite color?,"多线索推理,人物属性建模",Golden.,,在视频中，Hope买来测评的衣服全是金色的，并且用来搭配的配饰也全是金色系的，由此可推断她最爱的颜色就是金色,,,,,,,,,,
,,,,3,What is the color of the bag bought by the blogger on H&M？,"多跳推理,多模态/多语言推理",White.,,模型需首先由听觉定位到H&M片段，再由视觉信息得出博主买的包的颜色为白色,,,,,,,,,,
,,,,4,Does the blogger prefer shiny clothes or dim clothes？,"多线索推理,人物属性建模",Shiny clothes.,,博主在测评衣服时，首先注意到的就是他们的闪亮程度，即使是一些面料不太好的衣服，她也会因为亮闪闪而给予更高的评价，相反，就算是面料还不错的衣服，如果上面没有亮闪闪的珠子，她的评价不会太高，由此推断博主喜欢亮闪闪的衣服,,,,,,,,,,
,,,,5,"If people want to buy clothes online but don't have any relevant reviews, which app can they seek help from？",通用知识推理,Tiktok.,博主在Bal Bella网购的一件衣服没有任何评论，这时博主用Tik Tok来看看其他人对这家店铺的评论，以此来确定这家店是否可靠，因此，当没有评价时，人们可以检索Tik Tok，以寻求帮助,模型需整合博主的问题，解决方法以及得到的反馈这三方面信息来推断出没有评价时，人们可以检索Tik Tok，以寻求帮助,,,,,,,,,,
40,https://youtu.be/7xc_OAfs62Y?si=6FocagB3yicw4MAL,27:22,测评 - 生活用品,1,Which brand of shoes is the most expensive？,多线索推理,Paloma.,,博主测评了来自三个品牌价格不同的鞋子，分别是：supernova\walmart\paloma，价格分别是21、100和805，模型需整合不同的价格片段，找到最贵的鞋子,,,,,,,,,,
,,,,2,Can possibly the blogger is a animal lover?,人物属性建模,Yes.,,博主在选择夹克时，选的是“素食皮革”，也就是人造皮革，没有选择动物皮革的夹克，推测出博主大概是个爱护动物的人,,,,,,,,,,
,,,,3,"What is the target audience of the brand ""Aliexpress""? The poor or the rich?","多模态/多语言推理,通用知识推理",The poor.,在博主展示Aliexpress的夹克时，说到这是她花39元买来的，博主没有提到这是打折价，因此是原价购买的，由此可知Aliexpres的衣服都比较便宜，以穷人群体作为受众,模型需根据听觉定位到Aliexpres片段，再由视频锁定商品的价格，以小推大，得出Aliexpres的受众群体,,,,,,,,,,
,,,,4,"For the blogger, is it diffcult to buy a hair extension that is suitable for her?",人物属性建模,Yes.,,在博主购买接发神器时，她提到，不怎么有粉红色的假发，我需要自己买回来再加工一下，并且根据视频画面假发大多是亚麻色的，因此粉色头发的博主很难买到适合她的假发,,,,,,,,,,
,,,,5,"What is the price of the ""simle necklace"" of Tiffany&Co?","多模态/多语言推理,通用知识推理",2000$,"博主准备了3个同款不同价的项链，他们的款式全部来源于Tiffany&Co，而当博主介绍到第三件物品时，说到这是一件normal thing,说明第三件物品正是Tiffany&Co的正品，售价为2000美元，得出答案",模型需由听觉锁定来源于Tiffany&Co的商品，再由视觉结合视频画面，得出商品价格,,,,,,,,,,
41,https://youtu.be/SNklLxR3tPo?si=SQg5Kmq7vahTjJxe,22:23,纪录片 - 自然,1,Is it more suitable for eagles to survive on their own or rely on people's feeding？,"多线索推理,通用知识推理",Relying on people's feeding.,视频中的专家说到鹰在野外可以存活20-30年，但圈养的话可以活50年，并且说道鹰是机会主义猎人，不喜欢在找食物上太辛苦，由此可推断鹰更适合人工饲养,视频中的专家说到鹰在野外可以存活20-30年，但圈养的话可以活50年，并且说道鹰是机会主义猎人，不喜欢在找食物上太辛苦，由这两点信息可推断鹰更适合人工饲养,,,,,,,,,,
,,,,2,Do eagles lay eggs in the same nest every year？,"多模态/多语言推理,通用知识推理",No.,Gerald提到，一对鹰每年都会筑巢，巢的深度逐年加深，并且每年都会往巢里添蛋，说明鹰每年都要筑一个新巢，每年都把蛋下在不同的巢里。,模型需整合Gerald提到的信息，得出答案：每年都把蛋下在不同的巢里。,,,,,,,,,,
,,,,3,Is Gerald a eagle lover?,人物属性建模,Yes,,Gerald已经退休了，管理观察这些鹰并不属于他的工作，但他依然每天坚持带着专业设备，驱车来查看这些鹰的情况，可知他一定十分喜爱鹰,,,,,,,,,,
,,,,4,What color were the feathers on the head of the eagle that died from avian influenza when it passed away？,"多线索推理,多跳推理",White.,,视频中提到那只死于禽流感的鹰去世时22岁，并且它一直生活在野外，寿命大概只有20几岁，并且视频中还提到鹰的头变白需要5年的时间，那这只鹰去世时是一只白头鹰,,,,,,,,,,
,,,,5,What's animal does Pual admire most?,人物属性建模,Eagle.,,Pual提到在放飞痊愈的鹰时，他手里打着鹰鼓，每个来观看的人都带着羽毛，并且说道是鹰让他学到了爱和分享，给了他内心的力量，可知Pual最崇敬的动物就是鹰,,,,,,,,,,
42,https://www.youtube.com/watch?v=udhl2mzfLbc,21:37,测评 - 电子产品,1,What other electronic devices can Creality connect to besides computers and usb drive?,"多模态/多语言推理,通用知识推理",Phone,视频中提到了应用程序的关联，通过观察可以看到在手机app上也可以看到打印过程，由此可知这款设备是可以通过手机监测打印过程的。,模型需定位到迈克尔介绍如何与手机应用关联的片段，通过观察，关联后手机屏幕出现了打印的过程画面，是由机器本身自带的摄像头拍摄的，手机可以远程监控。,,,,,,,,,,
,,,,2,Does ASA bond easily to PETG?,通用知识推理,Yes,将asa材料拿下来时，有底部的asa站在了petg粉末涂层上，并且难以清理，但在打印其他东西时没有粘合，由此可以推测，asa易于petg材料粘合在一起。,模型需定位到迈克尔打印出工程灯丝组件时的片段，他将asa材料拿下来时，有底部的asa站在了petg粉末涂层上，由此可以推测，asa易于petg材料粘合在一起。,,,,,,,,,,
,,,,3,Is Michael a truthful person or a hypocrite?,"多线索推理,人物属性建模",Truthful,,模型需定位到迈克尔发现了机器的问题的片段，他提到外表看机器是很好的，但是内部却发现了问题，灯丝的路径没有足够的约束容易弯曲，而公司发现这个问题时已经晚了。并且3d打印时也会有材料站在板子上的问题等。由此可知他是一个实事求是、真实的人。,,,,,,,,,,
,,,,4,Is Michael an organized person or an unorganized person?,"多线索推理,人物属性建模",Organised,,模型需定位到整个视频中，通过迈克尔的讲解过程非常细致、以及组装打印机也很流畅的各方面可以看出，他是一个很有条理的人，能够把复杂的安装程序和功能介绍给观众。,,,,,,,,,,
,,,,5,What is the background color of the Creality touch screen when it is turned on?,多模态/多语言推理,Black,,模型需定位到迈克尔介绍触摸屏开机以及物理设置需要的时长的片段，通过观察可以看到开机时背景是黑色的。,,,,,,,,,,
43,https://youtu.be/Vz0BD1v8N5U?si=3QZTFSGnw3JXJf58,22:28,访谈 - 静态（对话密集型，少量视觉信息）,1,What's the profession of Roselia?,人物属性建模,Singer.,,主持人在问到和Roselia合作的感受时，Lisa表示喜欢她的音乐，她的表演，当她在科切拉音乐节第一次见到她时，Lisa惊呆了，可知Roselia是名歌手,,,,,,,,,,
,,,,2,"For Lisa, what's the most difficult thing when she raps?",人物属性建模,English pronounciation.,,Lisa表示她在用英语说唱时，由于英语和泰语、韩语间的差异，v的音很难发，她总是会把v发成别的音，可知对Lisa来说，最难的就是发音。,,,,,,,,,,
,,,,3,What's hot sauce is used to cook after the Elotes Loco?,多跳推理,Los Calientes.,,模型需先后定位到两种辣酱，先用的是the Elotes Loco辣酱，后用的是Los Calientes辣酱，得出答案。,,,,,,,,,,
,,,,4,"Where the program ""Hot Ones"" is filmed?",通用知识推理,Los Angles.,在节目上，当Lisa对主持人打趣说能把你的护肤品借给我吗，主持人回答说“不行，我没把它带来洛杉矶”，可推断出节目是在洛杉矶录制的。,模型需定位到护肤球片段，结合Lisa的提问和主持人的回答得出答案。,,,,,,,,,,
,,,,5,Is the traffic in Thailand's Chinatown always crowded?,通用知识推理,No.,在视频中，Lisa提到泰国的唐人街的交通非常拥挤，但她后面还提到有一次她凌晨3:30到这时，街上没有人，也就是说夜晚的唐人街交通并不拥挤，推断出在白天和晚上唐人街的交通拥挤情况是不一样的,模型需定位到唐人街片段，根据Lisa提到的白天泰国的唐人街的交通情况对比晚上的交通情况，得出答案,,,,,,,,,,
44,https://www.youtube.com/watch?v=Tt6WQYtefXA,25:26,教学 - 工业制造,1,Is the smelter in Shimane province of Japan located in the city centre or in the mountains?,"多模态/多语言推理,通用知识推理",In the mountains,画面里有小溪，俯拍镜头群山环绕，可见这个作坊建在山里面。,定位到开头简要介绍冶炼作坊的片段，博主只提到了这个作坊一年只生一次火，但没提它的位置。,,,,,,,,,,
,,,,2,How many part-time swordsmiths are there in Japan?,通用知识推理,270,需要做一下减法，300-30=270,定位到介绍判断钢的质量和铸剑师概况的片段，日本一共有300名铸剑师，其中30人是全职铸剑师,,,,,,,,,,
,,,,3,Do workers need to stand in a particular position when adding charcoal to the furnace?,"多模态/多语言推理,通用知识推理",Yes,结合整个铸剑的过程，很多步骤都需要仪式感，加木炭也需要四个人站在四个角，是需要特殊站位的。,定位到博主也参与往熔炉里加木炭的片段，工作人员指定了他的位置，可以看到熔炉的四个角分别站着一个人。,,,,,,,,,,
,,,,4,How many times did Petr shovel the slag?,多线索推理,Two,,定位到介绍炉渣成分及博主参与铲炉渣的片段，他一共铲了2次。,,,,,,,,,,
,,,,5,Does Akihira have a lot of hair?,人物属性建模,No,,定位到铸剑师Akihira出场片段，他几乎是个光头，没啥头发。,,,,,,,,,,
,,,,6,How many times did Pete hammer the iron?,多线索推理,Five,,定位到博主体验打铁的片段，仔细计数，一共打了5次。,,,,,,,,,,
,,,,7,Is Akihira very stong and heat resistant?,人物属性建模,Yes,,博主在铸剑师的屋子里呆了一会儿就出来了，他说了里面非常热，说明铸剑师又有劲儿又耐热。,,,,,,,,,,
,,,,8,What do you need to do before engraving the sword?,多跳推理,Polishing,,定位到铸剑尾声的部分，如果要雕刻图案，应该在抛光之后进行。,,,,,,,,,,
45,	https://www.youtube.com/watch?v=7wTr0dPuEh0,22:24,街头互动 - 采访,1,"Is Kevin a person who values work-life balance?
",人物属性建模,Yes.,,首先模型现需要定位到关于Kevin的内容，然后根据Kevin的讲话，经营店铺25年，但选择早关门享受家庭生活，强调努力工作但不过分追求利润，故而推出他是一个重视Work-life balance的人。,,,,,,,,,,
,,,,2,What motivates Khed in his career as an affiliate manager? Skill factor or money factor?,"多跳推理,人物属性建模",Skill factor.,,	模型首先需要定位到关于Kehed的内容，然后根据Kehed的回答分析，他说自己擅长谈判、营销，为什么不从事这一行业呢？强调如何通过谈判技巧提高销售。综合推出他的工作选择动机是Skill因素,,,,,,,,,,
,,,,3,Why might real estate be a popular investment in Malta?,"多跳推理,通用知识推理",Rising property values,"根据Kevin和Cleod的回答,他们都在Malta买了房子并说房价一直在涨，Kehed想在这里买房，故可知这里Rising property values使房地产投资受欢迎。",	模型需要先定位到视频中的有几个被访者提到了关于房地产的内容，4个受访者中有3个提到了房地产，分别是Kevin、Cleo、Khed，然后根据他们的回答推出Malta房地产投资受欢迎的原因。,,,,,,,,,,
,,,,4,Who are the main customers for St Julian’s retail stores?,通用知识推理,Tourists,根据Kevin的讲话，他在 St Julian有家零售店，主要销售饮品、零食，这是一个旅游区，建议开一家24小时营业的零售店，故得知 St Julian的零售店主要顾客就是旅游区的游客,模型需要先对Kevin的话进行总结，他提到自己St Julian开零售店，主要出售饮品、零食，这是个旅游区，他建议有想法的年轻人可以在这开一个24小时零售店，综上信息可以推出这个地区的零售商店主要面向游客。,,,,,,,,,,
,,,,5,What color is Daniel's car?,多模态/多语言推理,White,,模型首先需要根据音频定位到谁是Danel，然后根据视频判断她紧贴的汽车颜色,,,,,,,,,,
,,,,6,How many people were interviewed in total?,多线索推理,Four,,模型需要从视频开始到结束对接受采访人数进行统计，共有四人接受了采访,,,,,,,,,,
46,https://www.youtube.com/watch?v=qOrJkfryLFg,20:48,测评 - 展会,1,How can you visit the Conciergerie to better understand its history and original appearance? ,通用知识推理,Get a tour pad.,视频中他们在参观Conciergerie的时候手里拿着一个pad，扫描展点的二维码可以看到它的原貌和讲解，因此为了更好地了解Conciergerie的历史和原貌在参观时建议领一个pad。,模型需要定位他们参观Conciergerie的片段，感觉片段中他们拿着pad以及pad中显示的画面可知pad可以用来更好地了解Conciergerie。,,,,,,,,,,
,,,,2,Is it possible to visit the Pantheon's dome in March? ,通用知识推理,No.,视频中科林说自己很想去参观万神殿的穹顶，但是刚刚才知道穹顶只有在4月到10月开放，因此三月参观不到万神殿的穹顶。,模型需要定位他们去万神殿的片段，根据片段中科林的话可知穹顶4到10月开放，因此三月参观不到穹顶。,,,,,,,,,,
,,,,3,What did Anthony and Colin do after visiting Les Invalides? ,多跳推理,They had lunch.,,模型需要首先定位他们参观Les Invalides的片段，再根据该片段之后的画面判断两人去了哪里，根据画面可知他们去吃午饭了。,,,,,,,,,,
,,,,4,Does Colin like croissants? ,人物属性建模,Yes.,,模型需要定位他们入住酒店的片段，片段中科林上楼梯时说这（指走楼梯）对自己很好，因为自己刚刚把羊角包全吃完了，判断科林是因为喜欢吃羊角包所以都吃完了。,,,,,,,,,,
,,,,5,What is the relationship between Anthony and Colin? ,人物属性建模,Husband and wife.,,模型需要根据整个视频两人的互动以及安东尼称呼科林为“my darling”，由此可知两人关系亲密，推测是夫妻。,,,,,,,,,,
47,https://www.youtube.com/watch?v=iUwcMIrVgjQ,21:13,测评 - 展会,1,Does the blogger have extensive exhibition experience? ,人物属性建模,Yes.,,模型需要定位视频主人公介绍自己的展会经验的片段，根据片段中的介绍可以知道这个人有设计横幅、带队到海外很多地方参加展会的经验。,,,,,,,,,,
,,,,2,Which company does the blogger currently work for? ,"人物属性建模,多模态/多语言推理",GlobalSim.,,模型需要根据听觉识别到主人公说这是他目前工作的公司，再根据视觉看到画面中显示的公司名称为GlobalSim，所以视频主人公目前在Globalsim工作。,,,,,,,,,,
,,,,3,What technologies can surgicalscience provide? ,"多模态/多语言推理,通用知识推理",Virtual surgery.,视频中画面显示surgicalscience这家公司的时候可以看到画面中有个假人模型，根据视频主的介绍这是用来做虚拟外科手术的，因此可知surgicalscience这家公司可以提供虚拟外科手术的技术。,模型需要首先根据视觉识别到画面中的公司叫surgicalscience，再根据听觉听到视频主人公介绍这家公司在展会上可以让大家体验虚拟外科手术，由此可知surgicalscience这家公司可以提供虚拟外科手术的技术。,,,,,,,,,,
,,,,4,How many negative examples does the blogger give when talking about the importance of having a striking company name at a trade show? ,多线索推理,Four.,,模型需要定位视频主说展会上醒目公司名重要性的片段，片段中放了几个正面例子，几个反面例子，模型需要统计反面例子有几个，可以看到总共有四个反面例子。,,,,,,,,,,
,,,,5,Is more content on a trade show banner better? ,通用知识推理,No.,视频主人公说展会横幅要保持清爽，通常能让大家知道你们公司是做什么的就行，因此不是内容越多越好。,模型需要定位第五个tips的片段，根据片段中视频主的话和他举的几个例子可知展会横幅上的内容不是越多越好。,,,,,,,,,,
48,https://youtu.be/zZF05AkxMts?si=VqMlUmJEcbpqvVok,32:48,综艺 - 游戏,1,What breed of puppy is Mary?,多模态/多语言推理,Golden Retriever.,,在主持人介绍小狗Gary时，说它是一只金毛犬，而当嘉宾答对题目即将获得第二只小狗时，主持人介绍她的名字叫mary，模型需要根据听觉将小狗和Mary对应，视觉上还可发现Maty和Gary几乎一摸一样，可推断出Mary也是一只金毛犬,,,,,,,,,,
,,,,2,Is Keanu a fortunate or unfortunate guy?,"多线索推理,人物属性建模",Fortunate.,,本节目的第一个环节是一个关于动物的问答节目，由Keanu的语言，表情等可知Keanu对这些问题并不十分了解，但在三轮问答中，他却全部找到了正确答案，推断出他是个很幸运的人,,,,,,,,,,
,,,,3,How many puppies does Keanu get in the end of the quiz?,多线索推理,Six.,,第一轮里，Keanu因回答正确而获得一只小狗，对手回答错误，而得到第二只小狗，第二轮里，自己回答正确而得到了双倍的小狗，对手回答错误又获得了两只小狗，总计6只,,,,,,,,,,
,,,,4,Is Keanu a clever person?,人物属性建模,Yes.,,节目的最后一个问答题是在电影Air Bud里，共出现了几只小狗，Keanu并不知道答案，但他却很机智地写下了6这个答案，他解释说道，6也可以是9，也就是他写下了一个数字，却有两种答案可以选择，可见他十分聪明。,,,,,,,,,,
,,,,5,What theme are the questions in the Q&A section of the Tonight Show focus on？,"多线索推理,通用知识推理",Animal.,根据主持人提出的问题：爱尔兰唯一的爬行动物是什么；下面的哪个不是动物的真名；羚羊是什么类型的动物等问题，可知 the Tonight Show问答环节的题目都是围绕动物的。,模型需定位到主持人提出问题的各个片段，归纳其主题，得出答案。,,,,,,,,,,
,,,,6,Are the invited guests of the Tonight Show celebrities or ordinary people?,"多线索推理,通用知识推理",Celebrities.,这个节目的受邀嘉宾有Keanu、Suga、Jenna、Millie等，根据观众的反应，尤其是Suga出场时，观众强烈的欢呼声，大声叫着他的名字，可知受邀嘉宾全部是名人，而非普通大众,模型需分别定位到该节目嘉宾的出场画面，根据观众的反应，以及对这些嘉宾的人物识别，推测出受邀嘉宾全部是名人，而非普通大众,,,,,,,,,,
49,https://www.youtube.com/watch?v=6DPvnOowWe0,26:10,测评 - 展会,1,What is the overall color scheme of the Disney 100 exhibition? ,通用知识推理,Blue and black.,视频画面中Disney 100展整体色调是很暗的，以蓝色和黑色为主。,模型需要定位主人公参观Disney 100展的片段，根据整个片段的画面色调可看出Disney 100展的主色调是蓝色和黑色。,,,,,,,,,,
,,,,2,What is the difference between regular tickets and VIP tickets for the Disney 100 exhibition? ,通用知识推理,VIP tickets have extra gifts.,视频主人公买的是vip票，在参观结束后工作人员给了他们一人一袋礼品，两人还在回程的缆车上展示了都有什么礼品，因此Disney 100展的vip票比普通票多一袋礼品。,模型需要定位视频主人公展示礼品的片段，由片段可知这袋礼品是vip专属，故Disney 100展的vip票比普通票多一袋礼品。,,,,,,,,,,
,,,,3,Do the blogger know anything about Disney animation? ,人物属性建模,Yes.,,模型需要根据整个视频，视频中主人公在参观Disney 100展的时候对展览上的每个动画人物和情节都知道，由此可见他们对迪士尼动画很了解。,,,,,,,,,,
,,,,4,How many times did the blogger take the cable car? ,多线索推理,Twice.,,模型需要识别视频主人公做缆车的片段，并统计这样的片段出现了几次，可以看到一共出现了两次。,,,,,,,,,,
,,,,5,Is the blogger satisfied with the VIP tickets for the Disney 100 exhibition? ,人物属性建模,No.,,模型需要定位视频最后，视频主人公说如果大家想来参观这个展买普通票就可以了，且根据他们对vip专属礼品的评价看他们也是不满意的，因此总的来看视频主人公是不推荐Disney 100展的vip票。,,,,,,,,,,
50,https://youtu.be/pJbX03XmwY0?si=TKzb1F4n3bHPz_zm,26:31,测评 - 美妆产品,1,Which effect of the BB brust of Kosas is greater? The skincare effect or beauty effect?,通用知识推理,Skincare effect.,在视频中，博主说到Kosas的这款BB霜主打护肤和美妆功能二合一，但博主在使用后，并没有觉得它有很明显的颜色，反而是使用完皮肤很水润，由此推出这款产品的护肤功效更好,模型需根据对Kosas的这款BB霜的介绍，以及它的使用后的效果综合分析，得出答案,,,,,,,,,,
,,,,2,What kind of cosmetics do bloggers most commonly use when applying makeup?,人物属性建模,Powder.,,博主说到她很擅长使用散粉，它占据了很多地方，我通常会整理一下，可知在博主的化妆品中，散粉的数量最多，推测出博主在化妆时一定很喜欢使用散粉,,,,,,,,,,
,,,,3,How many cosmetics did the blogger evaluate in total?,多线索推理,Nine.,,模型需前后捕捉到不同的测评画面，并计数，得出9个的答案（BB霜、遮瑕液、散粉、修容、腮红、眉笔、眼影、眼影棒、睫毛膏共9种）,,,,,,,,,,
,,,,4,Is L'Oreal's concealer very light？,通用知识推理,Yes.,博主在测评兰蔻的遮瑕液时说到它很轻薄，让我想起了欧莱雅的那款，因此，欧莱雅和兰蔻的遮瑕液的质感都是一样的，才让博主有了相似的感觉，可推断出它们都很轻薄,模型需定位到遮瑕液片段，根据博主在测评兰蔻的遮瑕液时说到它很轻薄，让我想起了欧莱雅的那款，因此，欧莱雅和兰蔻的遮瑕液的质感都是一样的，才让博主有了相似的感觉，可推断出它们都很轻薄，从而得出答案,,,,,,,,,,
,,,,5,Does the blogger like icy weather?,人物属性建模,No.,,博主说到在她居住的那伊利诺伊州，这周会有冰雪天气，到时候会有很多的冰，但我希望还是有更多的雪，说明在冰与雪的比较中，博主更喜欢雪，讨厌冰。,,,,,,,,,,
51,https://youtu.be/9tBsMSDoDqk?si=_yhLS-4dUdDJz8kZ,33:52,综艺 - 表演/选秀,1,Does Kevin have American ancestry?,"人物属性建模,多模态/多语言推理",No.,,Kevin在介绍自己时说自己来自洛杉矶，因此Kevin是个美国人，但视觉信息可分辨出Kevin有着明显的亚洲面孔，因此可推断出他的祖先并不是美国人,,,,,,,,,,
,,,,2,What's the color of Hattie's nail?,多模态/多语言推理,White.,,由Kevin的称呼可知，那位黄衣服的女士是Kettie，此时由视觉信息得知她的美甲是白色的,,,,,,,,,,
,,,,3,Is the America's Got Talent mainly be presented on TV or online?,通用知识推理,On TV.,,当Kevin表演后，评委说到难以想象，你曾经和家人一起在电视上收看我们的节目，几年后，你就登上了这个舞台，可推断出这档节目是在电视上播出的,,,,,,,,,,
,,,,4,How much prize will the ultimate winner of the America's Got receive？,通用知识推理,One million dollars.,当选手Brynn和Mandy上台后，主持人分别问她们如果最后得到了这一百万美元的人是你，你会做什么？有这句话可推断出这档节目的最终胜者会得到一百万美元的奖金,模型需定位到视频中出现金钱数额的片段，并由语境识别出这里提到的金额就是最终获胜者的奖金,,,,,,,,,,
,,,,5,Are people from all over the world allowed to attend the America's Got Talent?,"多线索推理,通用知识推理",Yes.,虽然节目的名字叫做the America's Got Talent，但由参赛选手的自我介绍可知有的来自美国，而有的来自英国，因此这档节目不仅是面向美国人的，并且其他国家的人也可以参加,模型需分别定位到参赛选手的自我介绍片段，由他们的国籍推断出这档节目对参赛人员的国籍要求,,,,,,,,,,
,,,,6,How is Sofia's vision？,人物属性建模,She's short-sighted.,,当Mandy让Sofia找出书里70页的最后一个词是什么时，她说慢点，我没戴眼镜，由此可推断出，Sofia近视,,,,,,,,,,
52,https://www.youtube.com/watch?v=A91QJlFjPtQ,23:10,探索 - 参观,1,Is the visa on arrival in Sri Lanka $40?,通用知识推理,"Yes, but it's $50 if you don't buy online in advance.",视频开头说到斯里兰卡需要办理签证，但是可以在机场办理是50美元，作者有提到40美元是提前在网上购买可以便宜十美元，因此推理出斯里兰卡的落地签请提前购买可以便宜十美元。,视频开头说到斯里兰卡需要办理签证，但是可以在机场办理是50美元，作者提到提前在网上购买可以便宜十美元，那就是40美元因此推理出斯里兰卡的落地签请提前购买可以便宜十美元。,,,,,,,,,,
,,,,2,How to get from Marissa to Tangali more conveniently?,"多模态/多语言推理,通用知识推理",By bus.,视频里提到从玛丽莎到坦加利，作者他们选择还了自行车之后乘坐公共巴士，因此推测出从玛丽莎到坦加利乘坐公共巴士是一个好的选择。,视频里提到从玛丽莎到坦加利，作者本来是租了自行车，但是他们觉得骑自行车太远了，所以他们选择还了自行车之后乘坐公共巴士，因此推测出从玛丽莎到坦加利乘坐公共巴士会比骑自行车便利。,,,,,,,,,,
,,,,3,What is the cheap and convenient way to get around?,"多线索推理,多跳推理",Public bus.,,视频里Asya提到她觉得在斯里兰卡乘坐巴士非常的实惠，因为用很少的钱就能坐很长的路程，如果是有需要乘坐，只需找到巴士站并朝着你想要的方向就可以，由此推测出巴士又便宜又方便。,,,,,,,,,,
,,,,4,What the relationship betweem Mark and Asya?,人物属性建模,Couple,,从视频中看出，他们一起去探索旅行，并且一起坐在家里给观众进行推荐和计划，由此推测出他们是一对。,,,,,,,,,,
,,,,5,Does Asya like Sri Lanka?,"多线索推理,人物属性建模",Yes,,从整个视频来看，她去了斯里兰卡的很多地方，她的感觉都很好，除了可能会收高价的嘟嘟车，因此推测她喜欢斯里兰卡。,,,,,,,,,,
53,https://www.youtube.com/watch?v=iIo-oM57y-s,32:34,测评 - 服装,1,What's the first thing did Jasmine find wierd about the mall?,多线索推理,The mall is very empty on the midday of Friday.,,模型可以追踪到Jasmine刚到mall就说和她想象不一样，周五中午应该人很多，直到她走了两层楼，都看不到什么人。,,,,,,,,,,
,,,,2,Which floor sells formal dresses?,多跳推理,The ground floor.,,模型可以追踪到Jasmine刚到Mall 看到的都是正装礼服，这正是Mall的一层。,,,,,,,,,,
,,,,3,Why is picture taking not allowed in some stores in Istanbul?,通用知识推理,Some take pictures to reproduce it.,一般来说店家不应该拒绝客人拍照，但是有些客人不是来购物的，而是把款式拍下来，然后仿制，侵害了店家的利益。,模型可以根据Praise的解释，有些人只拍照不买，只是为了仿制这些款式。,,,,,,,,,,
,,,,4,What's the marital state of Jasmine?,人物属性建模,Unmarried.,,模型可以捕捉到Jasmine说将来结婚会选某种款式的婚纱，可以获知她现在未婚。,,,,,,,,,,
,,,,5,What's Jasmine's favorite color?,人物属性建模,Blue.,,模型可以捕捉到Jasmine在婚纱店看到一件蓝色婚纱时说她最喜欢蓝色。,,,,,,,,,,
,,,,6,Which department of the IFC wholesale center works with KOL company?,通用知识推理,The online team.,Praise把Jasmine介绍给了IFC批发中心的online team，她们可能会达成合作。而Jasmine作为一个vlogger，属于KOL公司，因此推断出IFCwholesale center的线上团队会和KOL达成合作。,模型可以捕捉到Praise联系了公司的online director与Jasmine对接，Jasmine本身就属于KOL,,,,,,,,,,
54,https://youtu.be/6tSGlE7lwVI?si=4tJk6x5OX9bDEMnU,34:49,纪录片 - 人文,1,What's the relationship between Helen and Karel?,人物属性建模,Karel is Helen's mother.,,视频中提到，海伦的失踪也是一个家庭的破碎，尤其是她妈妈完全被击倒了，此时名叫Karel的头发花白的人出现在镜头中，表情十分悲伤，结合语境，Karel就是Helen的妈妈,,,,,,,,,,
,,,,2,"If Helen are still alive, how old will she be？","多线索推理,人物属性建模",30 years old.,,视频中提到Helen在失踪时20岁，但这个失踪案已经过去十年了，一直没有破解，因此如果Helen还活着，她已经30岁了,,,,,,,,,,
,,,,3,What's the color of cloth does Kris wear?,多模态/多语言推理,White.,,模型需先要由听觉识别出谁是Kris，再由视觉判断出他衣服的颜色,,,,,,,,,,
,,,,4,Did surveillance equipment already exist near the Bernie area in the United States in 2008？,通用知识推理,Yes.,Helen失踪时是2008年，并且就在Helen失踪前她的身影被Bernie附近地区的监控捕捉到，妹妹称这是她最后一次见到Helen，说明被监控拍到的时间点和Helen确认失踪的时间2008年不会间隔太远，因此推断出在2008年，Bernie附近地区已有了监控设备,模型需整合Helen的失踪时间和被监控拍到的时间，判断二者不会间隔太远，推断出在2008年，Bernie附近地区已有了监控设备,,,,,,,,,,
,,,,5,Does Bernie in America have a sea?,通用知识推理,Yes.,就在Helen失踪的当晚，Helen要求男友带她到海边走一走，男友将她送到Bernie后，就沿着海开车回家了，因此可推断出Bernie是个有海的地方,模型需抓住海这个关键词，就在Helen失踪的当晚，Helen要求男友带她到海边走一走，男友将她送到Bernie后，就沿着海开车回家了，因此可推断出Bernie是个有海的地方,,,,,,,,,,
55,https://www.youtube.com/watch?v=C8zHoYW2b34&list=PLunwo3H734g3jGeJswCeCTiOWKdKBQ0MU&index=14,31:49,教学 - 课堂互动,1,"What was the name of the first child who answered ""what is motion""?",多线索推理,Jackson,,定位到老师提问“what is motion”的片段，第一个回答的是一个黑人小男孩，但是老师没有叫他的名字，等另外一位学生回答完毕才再次叫了Jackson来回答。,,,,,,,,,,
,,,,2,Is Drake a smart kid?,人物属性建模,Yes,,定位到Drake回答问题的片段，他的回答跟其他同学相比更准确，解释起来滔滔不绝，是个聪明的孩子。,,,,,,,,,,
,,,,3,Is Ally blonde or brunette?,人物属性建模,Blonde,,在老师准备找学生配合演示何为力的平衡片段，老师才第一次叫这个女孩的名字，她的头发是金色的。,,,,,,,,,,
,,,,4,What is the color of the bookend?,多模态/多语言推理,Black,,老师准备用书立等小物件做演示，没提书立的颜色，能看见是黑色的。,,,,,,,,,,
,,,,5,How many students are wearing red shirts?,多线索推理,Four,,需留意能看到整个教室全貌的片段，仔细观察孩子们衣服的颜色，有四个孩子的衣服是红色的。,,,,,,,,,,
,,,,6,What should teachers do to spread students' thinking in the classroom？,通用知识推理,Asking questions and using teaching tools.,观察整个视频可知，教师在课堂上一直提出不同的问题引导学生思考回答，并使用不同的教学工具使讲解更加直观，通过这两种方式，学生的反应也很不错，一直有很多的idea，思维保持活跃的状态，可推断提问题、使用道具能有效帮助学生发散思维,模型需要对整个视频进行提炼概括，重点抓住教师的行为进行观察，并结合学生的反应是否积极给出答案,,,,,,,,,,
,,,,7,"Who did the teacher ask after Romane answered the question at the beignning, Preston or Ally?",多跳推理,Preston,,开场的时候老师提了很多问题，在红衣服的Romane回答完之后，老师又问了Preston，只不过他没有回答。,,,,,,,,,,
,,,,8,Is Jefferson County Public Schools in America?,通用知识推理,Yes.,在教室的黑板上挂着一张白底红字、写着synthesizing的纸，纸上印有Jefferson County Public Schools的名字，可知视频地点就是Jefferson County Public Schools，再由墙上插了一面美国国旗，老师和学生也都是非常标准的美式英语发音，可知Jefferson County Public Schools是美国的一所学校,模型需定位到Jefferson County Public Schools片段，识别出学校的名字，再由视觉信息和听觉信息根据墙上的国旗和老师学生的发音特点可推断出Jefferson County Public Schools是美国的一所学校,,,,,,,,,,
56,https://www.youtube.com/watch?v=GFG1INzquMU,28:25,教学 - 工业制造,1,Does Pforzheim University offer a programme where students can create their own jewellery?,通用知识推理,Yes,这所学校的学生正在研究如何打造自己的珠宝，画面中是学生们低头研究的画面，由此可知，普福兹海姆大学中有专门的课程就是研究如何打造珠宝。,模型需定位到介绍学生如何打造制作珠宝的片段，视频中提到，这所学校的学生正在研究如何打造自己的珠宝，画面中是学生们低头研究的画面，由此可知，这所学校中有专门的课程就是研究如何打造珠宝。,,,,,,,,,,
,,,,2,In which city was the first jewelry factory established in China?,通用知识推理,Chang‘an city,视频中的东莞珠宝人王秋说当时中国还只有少数的珠宝工厂，他们是第一批，经营在长安，长安是中国珠宝的发源地，由此可知中国的珠宝工厂第一次设立就在长安。,模型需定位到介绍王秋的珠宝生意片段，视频中的东莞珠宝人王秋第一批，经营在长安，长安是中国珠宝的发源地，由此可知中国的珠宝工厂第一次设立就在长安。,,,,,,,,,,
,,,,3,Is Alex a person who follows the trend of the times or a person who sticks to the old ways?,"多线索推理,人物属性建模",he follows the trend of the times,,模型需定位到alex创立自己的珠宝品牌的片段，他声称自己会利用社交媒体拍短视频吸引顾客，一天可能要拍上百个视频，另外他还很了解喜欢嘻哈音乐的年轻人的心理，由此可见他是一个顺应时代潮流的人。,,,,,,,,,,
,,,,4,Is Huangmanlian a hard-working woman or a complaining woman?,人物属性建模,hard-working,,模型需定位到介绍黄曼莲的片段，她一周要工作49小时，加班的话会是60小时，但是她会得到加班费，会用加班费供女儿上学，由此可以看出她是一个辛勤工作的女人而不是抱怨生活的女人。,,,,,,,,,,
,,,,5,What color is the German classic king chain in Alex's hand?,多模态/多语言推理,silver,,模型需定位到alex介绍德国最经典的链子的片段，他声称这样的链子说唱歌手带的会是2万欧元，通过观察，他手中的链子是银色的。,,,,,,,,,,
57,https://www.youtube.com/watch?v=dqnZkvKIo0g,25:55,教学 - 工业制造,1,Which part of the coffee industry is governed by EU new regulations?,通用知识推理,Deforestation,视频介绍到，欧盟之所以出台新法规是因为不信任商家，如果商家是本地人会更好。视频还提到欧盟出台的新法规旨在消除当地人对森林的砍伐，由此可知新法规是针对森林砍伐的。,模型需定位到andreas与augusto见面的片段，他们对欧盟出台的新政策进行了讨论，他们知道不能对森林有破坏性行为，由此可知新政策约束了森林的砍伐。,,,,,,,,,,
,,,,2,What does the Chakra system use to nourish the coffee tree?,通用知识推理,Taller trees,视频中介绍到更高的树为咖啡树遮荫，使其良好的生长，并且有助于向土壤提供养分。,模型需定位到oakar介绍当地一种种植系统的片段，他们利用树木对咖啡树提供生长条件。不仅可以遮荫还可以提供养分，所以这一系统的关键在于树木。,,,,,,,,,,
,,,,3,Is Francis a man who plans ahead?,"多线索推理,人物属性建模",Yes,,弗朗西斯说他之所以热情的接受每一个项目，原因就是他害怕未来有一天咖啡会消失，由此可见他对咖啡的热爱以及他是一个未雨绸缪的。,,,,,,,,,,
,,,,4,Is Francis a cold person or a warm person?,人物属性建模,Warm person,,模型需定位到索菲与弗朗西斯学习咖啡知识的片段，视频中，他耐心讲解有关咖啡和葡萄酒的味道，饼子啊索菲离开时拥抱对方，由此可以看出他是一个热情的人。,,,,,,,,,,
,,,,5,What colour trousers did Andreas wear when he was on the boat?,多模态/多语言推理,White,,模型需定位到介绍andreas出场时的片段，介绍andreas时，拍摄到他正要走上船只，通过观察可以看到他的裤子是白色的。,,,,,,,,,,
58,https://youtu.be/DWm28eqX8bY?si=L5tumh2_W7c4zh1g,23:07,纪录片 - 人文,1,Is Rasheed very popular in Youtube?,人物属性建模,Yes.,,Rasheed经常在自己的账号上晒各种奢侈品，这为他带来了200万粉丝和300万订阅者，可知他在youtube上非常受欢迎,,,,,,,,,,
,,,,2,"According to Dubai law, can People get a driver's license at the age of 15？",通用知识推理,No.,在2017年时，迪拜人Rasheed收到了一辆法拉利，但因为Rasheed才15岁，并不能开车上路，而在几年后他才具有了驾车上路的权利，这里的驾驶权来源于驾照，由此可推断出根据迪拜的法律，15岁还不能考取驾照,需识别出Rasheed不能开车的原因是没有驾照，再根据Rasheed当时的年龄推断出答案。,,,,,,,,,,
,,,,3,What year was Rasheed born?,人物属性建模,2002,,视频里提到，在2017年时，Rasheed收到了一辆法拉利派车，但因为Rasheed才15岁，并不具有驾驶权，因此据这两个时间点可知他是在2002年出生的,,,,,,,,,,
,,,,4,What's the color of Rasheed's cloth when he come to his private zoo?,多模态/多语言推理,White.,,模型需根据听觉定位到zoo片段，再由视觉信息得出Rasheed的衣服颜色,,,,,,,,,,
,,,,5,What do Dubai's top male billionaires love to collect the most？,"多线索推理,通用知识推理",Watches.,在视频中介绍的5位迪拜顶级富豪里，虽然他们喜爱的藏品各不相同，有豪车、香水、野生动物等，但结合视频画面分析，几乎每一位都有收藏名表的爱好，由此可推断手表是迪拜男性顶级富豪最爱的藏品。,模型需分别定位到每位富豪的藏品介绍片段，找出其中的共同点，得出答案,,,,,,,,,,
59,https://www.youtube.com/watch?v=-J4ECWTpu7E,41:44,综艺 - 纪实（真人秀）,1,Who are Nicole's sister and half sister?,"人物属性建模,多模态/多语言推理",Monay is her sister and Lakeshia is her half sister.,,模型可以从Branden家的家谱中铺捉到Nicole和Monay是姐妹的信息，通过Lakeshia的叙述，可以更清晰地了解她和Nicole的关系。,,,,,,,,,,
,,,,2,What is the sepcific culture in Texas as they have rodeo season?,"多模态/多语言推理,通用知识推理",Cowboy culture.,Jermeshia一直强调他们的Texas origin，视频中有众人打扮成牛仔聚会的镜头，后面Nicole戴着牛仔帽子说：Happy Rodeo Season，这是牛仔的节日，证明牛仔文化是Texas的特色文化,模型可以从众人的牛仔装扮，以及戴着牛仔帽子的nicole说Happy Rodeo Season这两点得出这个结论,,,,,,,,,,
,,,,3,Who's always late for family gathering?,"多线索推理,人物属性建模",Nicole.,,模型可以捕捉到两次家庭聚会中，Nicole都迟到了，所以nicole是最爱迟到的人。,,,,,,,,,,
,,,,4,What's the negative part of holding an empty land for a long time in Texas?,"多跳推理,通用知识推理",Keeping paying tax every year.,视频中Jermeishia讨论奶奶手里的空地时，一直在计算税费，因此可得知持有土地就要一直支付税费，没有任何收益，是亏本买卖。,模型可以先追踪到Jermeishia、Jaquita和Aunt Nikki在那片地上的讨论，她们算了一下每年的税费，那是个很高的数字，因此这些年他们没有从中获得收益，却支付了高昂的税费。,,,,,,,,,,
,,,,5,What is Chris's condition to come back to office?,多跳推理,Getting a contract.,,模型可追踪到2次Nicole和Chris讨论让Chris回公司上班的事情，第一次并没有结果，第二次在影棚，Chris终于说出真正的原因，他需要一份合同作为保障。,,,,,,,,,,
60,https://www.youtube.com/watch?v=Jrdwo63riJE,38:37,测评 - 展会,1,"If one is interested in carpets and draperies, which area should he/she go to on Canton Fair?","多跳推理,多模态/多语言推理",Hall 5.2 in Area A.,,模型可以追踪到展位图的镜头，上面显示了carpet and draperies的位置。,,,,,,,,,,
,,,,2,Can Guang Joe speak any Chinese?,"多线索推理,人物属性建模",Yes.,,模型可以追踪到两次博主说中文的片段。,,,,,,,,,,
,,,,3,What is GuangJoe's main job?,人物属性建模,He's a buyer.,,模型可以追踪到博主介绍自己为别人采购产品。,,,,,,,,,,
,,,,4,What is the range of MOQ among the clothing suppliers in the video?,多线索推理,100 to 2000 pieces.,,模型可以收集不同参展商对于MOQ的信息，进行总结归纳。,,,,,,,,,,
,,,,5,"In addition to business cards, how people get connected on Canton fair?",通用知识推理,On Wechat.,博主留下了每个供应商的名片，同时对于有意向的供应商还加了微信，方便寄送样品。,模型可以捕捉到博主和每个参展商交流的片段，最后都会展现名片，有的还会加上微信。,,,,,,,,,,
,,,,6,"If you want to start your own fashion business, how do you work with these suppliers?","多线索推理,通用知识推理",Put your own brands on the suppliers' products.,博主提到很多只要换一个商标就可以成为你的商品，也和多个参展商确认是否能加上自己的Logo。,模型可以追踪到博主和几乎每个参展商确认加上自己Logo的事情，然后在叙述中表示只要加上自己的Logo就成了自己品牌的商品。,,,,,,,,,,
61,https://www.youtube.com/watch?v=cRykZDnJbW4,24:54,教学 - 工业制造,1,Are Pouches liquid or solid food?,"多模态/多语言推理,通用知识推理",liquid,视频中将Pouches进行了展示，并将其倒在盘子中，通过观察可以发现是液体食物，不含有固体，不是罐头。,模型需定位到测评为6个月大的婴儿测评视频的片段，mra拿出了Pouches品牌食物，可以看出包装内是液体而不是罐头。,,,,,,,,,,
,,,,2,"Is the ""Happybaby Organic Yogis"" a pure fruit and vegetable product?",通用知识推理,No.,这款酸奶的成分表中的混合浆果味，这意味着这种味道通常是由化学物和油脂加工而成，并非来源于水果本身，所以yogurt melt中并非纯水果和蔬菜产品。,模型需定位到mra解说8个月大的婴儿的食物的片段，这里她发现了成分表中的口味添加剂，说明这款含有化学加工的成分。,,,,,,,,,,
,,,,3,Is Gerber a responsible man or a perfunctory one?,"多线索推理,人物属性建模",responsible,,模型需定位到格伯创立儿童食品的片段，他用多年的时间研制适合婴儿吃的东西，并采用机器作业，他还用自己的孩子测评产品，由此可知他是一个很有责任的人。,,,,,,,,,,
,,,,4,Is Mia professional or amateur in the field of health?,"多线索推理,人物属性建模",She is professional in the field of health.,,模型需定位到Mia测评多个儿童食物的片段，她对每一个食物可能潜在的影响都解释的很清楚，并且现场测评食物的含糖量，挑选了多个视频进行测评，由此可知她是一个很专业的人。,,,,,,,,,,
,,,,5,What color is the outer packaging of the first yogurt tested by Mia？,多模态/多语言推理,white,,模型需定位到Mia在演播室测试食物糖分的片段，她从旁边拿出了一袋酸奶，通过观察可以看到是白色的外包装。,,,,,,,,,,
62,https://www.youtube.com/watch?v=GRsbgsPF-hI,25:18,街头互动 - 采访,1,Is Dong satisfied with his current life?,人物属性建模,Yes.,,"	模型首先需要定位到叫做Dong的受访者，在采访人问到如果能回到10年前，你对那时的自己有什么建议，Dong回答说我还会走上这条路，我正在做我的dream job,可知他对自己现在的生活是很满意的",,,,,,,,,,
,,,,2,How many women were interviewed in this session?,多线索推理,one,,模型需要对视频中的女受访者进行统计，本次采访被访谈的女生共有一位。,,,,,,,,,,
,,,,3,Are Europeans accustomed to focusing on a single career or engaging in side jobs？,"多线索推理,通用知识推理",Engaging in side jobs.,在采访者采访的几个来自德国、意大利等欧洲国家的几人里，很少有从事单一职业的人，大部分都是身兼数职，有主业是健身教练，副业是网络职员的，有主业是导演，副业是餐厅老板的等等，可推断出欧洲人习惯发展副业,模型需要综合所有受访者的讲话内容，重点分析他们的职业，得出答案,,,,,,,,,,
,,,,4,Does Django always work on holidays?,人物属性建模,Yes.,,模型首先需要定位到Django片段，他介绍自己是个音乐推广人，收入时高时低，这要取决于不同的情况，节假日需要表演时收入就高一些，由此可知Django的工作时间通常为节日假期时段,,,,,,,,,,
,,,,5,Has the demand for workers in Asian countries exceeded supply by 2023?,通用知识推理,Yes.,当采访人问及访谈者在经济衰退的2023年，创办类似企业第一步需要做什么时，访谈者说他进入国际劳务行业时发现欧洲缺乏普通工人，那么就可以把亚洲的工人带到欧洲来工作，由此可知与欧洲情况相反，亚洲的工人数量是供大于求的,模型要先定位到采访者与受访者关于创办类似企业的谈话，然后根据受访者给出的创业建议进行推断。,,,,,,,,,,
63,https://www.youtube.com/watch?v=DBGoSFIv__4&t=606s,29: 53,教学 - 艺术,1,How many techniques did Rob introduce about Litefeet in this video?,多线索推理,Eight,,第一位舞者介绍的是litefeet，需仔细计数他展示的每一种基本技术，一共八种。,,,,,,,,,,
,,,,2,Is Tango a confident and funny guy?,人物属性建模,Yes,,Tango介绍Dancehall的时候翘着个二郎腿，肢体语言滑稽，提起自创舞步的时候非常潇洒，自信又好玩儿。,,,,,,,,,,
,,,,3,What kind of dance is introduced after ballet in this video?,多跳推理,Waving,,定位到芭蕾舞结尾片段，随后介绍的是waving。,,,,,,,,,,
,,,,4,Does jaja only have tattoos on her left arm?,人物属性建模,No,,jaja的手臂动起来的时候看得更清楚，两只胳膊都有纹身。,,,,,,,,,,
,,,,5,Do Indians like to dance barefoot?,通用知识推理,Yes,两位舞者说了这种舞蹈已经有几百年的历史了，视频里的历史资料也展示了印度人光脚跳舞，说明这也是历史悠久的习惯。,定位到印度舞蹈Bhangra的片段，虽然两位女舞者并没有光脚跳舞，但是她俩介绍该舞蹈历史的时候，画面里的印度人基本都是光着脚的。,,,,,,,,,,
,,,,6,Do the LGBTQ community prefer dances that involve more arm movements?,通用知识推理,Yes,两位博主都提到了LGBTQ群体借助舞蹈积极生活的缘由，摆POSE是这两种舞蹈非常重要的元素，需要非常多的手臂动作，因此该群体更喜欢用上肢来表现自己。,定位到介绍vouge和wracking的片段，都提到了舞种起源跟LGBTQ群体的关系，而这两种舞蹈的上肢动作明显与其他舞种不同。,,,,,,,,,,
,,,,7,When was the first hip hop party held?,"多模态/多语言推理,通用知识推理","August 11, 1973",虽然这张宣传单上没写这是第一个hip hop party，但博主介绍party举办地跟传单上一样，1973年8月11日正是举办时间。,定位到介绍breaking诞生的片段，舞者Luis提到了第一个hip hop party的举办地址，但没说时间，画面上的宣传单清楚写着1973年8月11日。,,,,,,,,,,
64,https://www.youtube.com/watch?v=djBacLcMIic,24:59,测评 - 电子产品,1,What is NC°? ,"多模态/多语言推理,通用知识推理",It is a software for monitoring body temperature.,视频中Keltie说Oura的检测体温的功能很好用，根据画面上出现的图标可以看到软件叫做“NC°”，因此可知NC°是监测体温的软件。,模型需要通过听觉听到Keltie提到Oura监测体温的功能很好用，再根据视觉识别到画面中出现的图标是NC°，由此可知NC°是一款监测体温的软件。,,,,,,,,,,
,,,,2,Does Keltie care about the quality of her sleep? ,"多线索推理,人物属性建模",Yes.,,模型需要定位多个片段中Keltie对每个电子产品监测睡眠的评价，可以看出她很在意自己睡眠质量好不好。,,,,,,,,,,
,,,,3,How does the weight of Garmin compare to Apple Watch? ,"多线索推理,通用知识推理",Garmin is lighter than Apple Watch.,Keltie提到Garmin的材质是塑料，很轻，而评价Apple Watch的重量时说如果你是个举重运动员那会觉得它很轻，由此可知Garmin比Apple Watch轻。,模型需要分别定位Keltie对Garmin和Apple Watch重量评价的片段，根据片段中Keltie的描述可判断Garmin比Apple Watch轻。,,,,,,,,,,
,,,,4,When was Keltie born? ,人物属性建模,1990s.,,模型需要定位Keltie测评Garmin的片段，片段中提到如果你出生在90年代就会知道电子宠物，Keltie说自己很喜欢Garmin里的电子宠物，由此可推测Keltie出生在1990年代。,,,,,,,,,,
,,,,5,Can Keltie play golf? ,"人物属性建模,多模态/多语言推理",Yes.,,模型需要定位Keltie说自己不是一个会进行固定运动的人，再根据画面中放出的Keltie打高尔夫的图片可知Keltie会打高尔夫。,,,,,,,,,,
65,https://www.youtube.com/watch?v=p9Bxra3-J90,23:35,街头互动 - 社会观察,1,How many people did Will interview at the gym? ,多线索推理,Five.,,模型需要根据健身房中的多个采访片段进行分析，识别出每个采访不同人的画面，统计得出一共采访了五个人。,,,,,,,,,,
,,,,2,How many years has Pathmark in Camden been bankrupt by 2025? ,通用知识推理,12 years.,Will说卡姆登的pathmark在2013年破产，因此到2025年它已经破产12年了。,模型需要定位到Will介绍卡姆登的pathmark的片段，根据片段中Will的介绍可推算出到2025年它已经破产12年了。,,,,,,,,,,
,,,,3,Does Tennyson attach great importance to fitness？,人物属性建模,Yes.,,当Tennyson来到新城市时，他首先体验的就是当地的健身房，并且根据视频画面，Tennyson胳膊上的肌肉很丰满，对健身器材也很熟悉，并且在来到第一家健身房后，说到“比我之前去过的健身房都要不错”，可知Tennyson经常去健身，非常重视健身,,,,,,,,,,
,,,,4,Does Will exercise regularly? ,人物属性建模,Yes.,,模型需要定位Will在健身房的片段，根据片段中Will锻炼的姿势可知他平时也常去健身房。,,,,,,,,,,
,,,,5,Which supermarket in Camden can you buy fresh meat from? ,"多线索推理,通用知识推理",Save a lot.,视频中Will只在save a lot这个超市看到有新鲜的肉卖，其他的角落超市都没有，因此在卡姆登只有save a lot能买到新鲜肉。,模型需要定位Will去多个超市的片段，根据片段可看到只有save a lot有出售新鲜肉。,,,,,,,,,,
66,https://www.youtube.com/watch?v=rEDJFWzRXuM,23:59,测评 - 生活用品,1,How to release Spoon Buddy?,"多模态/多语言推理,通用知识推理",Pull the ridge on the bottom suction cup.,视频中Frankin将Spoon Buddy从锅盖上取下的时候拉了一下底部吸盘上的凸起，由此可知这个凸起是用来释放吸盘的。,模型需要定位Frankin测评Spoon Buddy的片段，首先根据听觉听到Frankin要测试如何将Spoon Buddy从锅盖上取下，再通过画面可以看到他拉了一下吸盘上的凸起，由此可知拉底部吸盘上的凸起可以释放Spoon Buddy。,,,,,,,,,,
,,,,2,How did Frankin get to the convenience store? ,多跳推理,By driving.,,模型需要首先定位Frankin要去便利店买啤酒的片段，再根据该画面后的片段可知Frankin是开车去的。,,,,,,,,,,
,,,,3,What size can does Beersy only come in? ,通用知识推理,12 oz.,Frankin去便利店买的啤酒是12盎司的，他还说很多酒不是12盎司的，所以Beersy可以用的场景很少，因此可知Beersy只适用于12盎司的易拉罐。,模型需要定位Frankin买到酒的片段，根据片段中他的话可知Beersy只适用于12盎司的易拉罐。,,,,,,,,,,
,,,,4,Does Frankin usually sit in one position on the chair? ,人物属性建模,No.,,模型需要定位Frankin对Socket Seat评价的片段，他说这个坐垫只有当人以规范的坐姿坐着的时候才舒服，他不确定像他这种会变换不同姿势的人适不适合这款坐垫，由此可知Frankin通常不会以一个姿势坐在椅子上。,,,,,,,,,,
,,,,5,Where does Frankin usually keep his wallet? ,人物属性建模,In his right back pocket.,,模型需要定位Frankin测评钱包的片段，根据片段中Frankin的介绍，他说自己的右侧臀部和右侧大腿总是会坐在钱包上睡着，通过这个拟人的描述可知Frankin通常会将钱包放在右后口袋。,,,,,,,,,,
67,https://www.youtube.com/watch?v=7JWD9aFoqgU,21:40,街头互动 - 采访,1,When did the vlogger feel hospitality?,多跳推理,During his communication with the fruit vendor from Afghanistan.,,模型可以追踪到这位水果摊摊主没有收博主的水果钱，而且博主也用了hospitality这个词。,,,,,,,,,,
,,,,2,What is Magic J's job?,"多线索推理,人物属性建模",DJ.,,Magic J提到两次自己做DJ,,,,,,,,,,
,,,,3,What is the right way to live safely in Tottenham?,"多线索推理,通用知识推理",Just mind your own business.,"不同采访对象都提到了Tottenham的环境，并没有觉得不安全，Magic J和博主的总结是不要多管闲事，不要做引人注意的事,可见管好自己的事就是在Tottenham的安全生存之道。",模型可以从不同采访对象的回答中提炼到这层意思，后来Magic J也总结了这一点。,,,,,,,,,,
,,,,4,What can effectively reduce the crime rate in Tottenham? ,通用知识推理,Installing cameras everywhere.,尼日利亚的小伙子提到在最容易发生案件的通道安装摄像头，这样就能让附近居民的生活好很多，可推断出在Tottenham安装摄像头可有效减少犯罪率,模型可以追踪到第一个来自尼日利亚的小伙子，他介绍了在容易发生冲突的地方安装了很多摄像头，因此可有效减少犯罪率,,,,,,,,,,
,,,,5,Where do homeless live in Tottenham?,多线索推理,In tents or abandoned cars.,,模型可以追踪到在一辆废弃的车里发现一个人在睡觉，Magic J说可能是流浪汉，后来在路边有很多帐篷，也是无家可归者的。,,,,,,,,,,
,,,,6,Which are Magic J's favorite restaurants in Tottenham?,"多线索推理,人物属性建模",Tottenham Town Bakery and Chick King.,,模型可以追踪到Magic J对这两家餐厅极为推崇，都是他从小吃到大的。,,,,,,,,,,
68,https://www.youtube.com/watch?v=m32wqj9dHQs,24:45,测评 - 服装,1,What is the favorite element used by this Internet celebrity brand “Miss Jophiel”？,"多模态/多语言推理,通用知识推理",Flowers.,Mia介绍Miss Jophiel品牌时，视频画面出现了该品牌的几件礼服，其中有的衣服上有大片的玫瑰花，有的有小碎花样式，也有的在衣服上装饰出花瓣的形状，可推断出该品牌最喜欢使用花朵元素,模型需要通过听觉听到Mia介绍Miss Jophiel品牌，再根据视觉看到很多裙子上都有各式各样的花朵元素，得出答案,,,,,,,,,,
,,,,2,Which country does Mia live in? ,人物属性建模,Canada.,,模型需要根据Mia的话中提到“加元”，猜测她生活在加拿大，所以用的是加元。,,,,,,,,,,
,,,,3,Can people buy brand new clothes at Threadup? ,通用知识推理,No.,根据Mia的介绍，Threadup是一个线上二手衣服平台，因此在这里买不到全新的衣服。,模型需要定位Mia的介绍Threadup的片段，根据她的介绍可知Threadup是一个线上二手衣服平台，因此在这里买不到全新的衣服。,,,,,,,,,,
,,,,4,How many skirts did Mia review? ,多线索推理,Five.,,模型需要定位mia试穿不同衣服的片段，经过统计可知她一共测评了五条裙子。,,,,,,,,,,
,,,,5,Is Mia married? ,人物属性建模,Yes.,,模型需要定位Mia测评第五条裙子的片段，片段中她提到这条裙子的泡泡袖让她想起了自己的婚纱，由此可知她已婚。,,,,,,,,,,
69,https://www.youtube.com/watch?v=1PliFMCXsac,23:21,测评 - 服装,1,What brand is the pink bra in the video? ,多模态/多语言推理,GYMSHARK.,,模型需要通过视觉看到视频主人公正在介绍粉色内衣的片段，再根据听觉识别出这条内衣来自GYMSHARK。,,,,,,,,,,
,,,,2,What is the blogger allergic to? ,人物属性建模,Dust.,,模型需要定位主人公打喷嚏的片段，她说房间里太多灰尘了，由此猜测视频主人公可能对灰尘过敏。,,,,,,,,,,
,,,,3,Where are people most likely to see TALA? ,通用知识推理,Tik Tok.,视频主人公在介绍TALA经典款衣服时提到你可以在Tik Tok的任何地方刷到它，由此可知TALA在Tik Tok上有很多宣传。,模型需要定位视频主人公介绍TALA经典款的片段，根据片段中的介绍可知TALA在Tik Tok上有很多宣传。,,,,,,,,,,
,,,,4,Does the blogger prefer to wear tight pants or loose pants when going to the gym? ,人物属性建模,Tight pants.,,模型需要定位视频主人公介绍喇叭裤的片段，她说自己不会穿这条裤子去健身房，再根据其他片段中主人公的介绍可以看到都是紧身裤，由此判断视频主人公去健身房喜欢穿紧身裤而不是宽松裤。,,,,,,,,,,
,,,,5,Does Vanquish have any dedicated fitness clothing? ,"多线索推理,通用知识推理",No.,Vanquish只在介绍卫衣、短袖类时出现，由此可猜测Vanquish没有专门健身服，如瑜伽裤、运动背心之类的。,模型需要定位多个片段，可以看到Vanquish只出现在视频主人公介绍“pump covers & sweats”的片段，由此可猜测Vanquish没有专门健身服。,,,,,,,,,,
70,https://www.youtube.com/watch?v=vMntxDg8i7U,23:54,测评 - 服装,1,How many Lululemon leggings did Keltie review? ,多线索推理,Two.,,模型需要定位Keltie介绍Lululemon的片段，根据统计得出一共有两个片段，因此Keltie测评了两件Lululemon的裤子。,,,,,,,,,,
,,,,2,"If you are a person who sweats easily, is it recommended to buy 437 leggings? ",通用知识推理,Not recommended.,Keltie在测评437瑜伽裤时说它不吸汗，因此爱出汗的人不建议买这个牌子。,模型需要定位Keltie测评437的片段，根据Keltie的测评可知437的瑜伽裤不吸汗，因此不适合爱出汗的人穿。,,,,,,,,,,
,,,,3,"If you want to show off your buttocks, which brand of leggings should you buy? ",通用知识推理,Alphaletes.,Keltie在测评Alphaletes时说这条裤子非常薄，穿上会让她觉得自己有屁股，而且她推荐练力量时穿，由此可知这条裤子能够很好的展示臀部轮廓。,模型需要定位Keltie测评Alphaletes的片段，根据片段中Keltie的话可知Alphaletes的瑜伽裤能很好的展示臀部线条。,,,,,,,,,,
,,,,4,Which country does Keltie live in? ,"多线索推理,人物属性建模",Canada.,,模型需要定位多个画面，根据画面中图片上的价格单位“CAD/CA$”可推测因为Keltie生活在加拿大，所以单位是加元。,,,,,,,,,,
,,,,5,Is Keltie slim? ,"多线索推理,人物属性建模",Yes.,,模型需要根据多个片段，片段中可知Keltie穿的基本上都是xxs或xs码，因此判断Keltie很苗条。,,,,,,,,,,